0,0.1,0.2,0.3,0.4,0.5,0.6,0.7,0.8,0.9,1,1.1,1.2,1.3,1.4,1.5,1.6,1.7,1.8,1.9,2,2.1,2.2,2.3,2.4,2.5,2.6,2.7,2.8,2.9,3,3.1,3.2,3.3,3.4,3.5,3.6,3.7,3.8,3.9,4,4.1,4.2,4.3,4.4,4.5,4.6,4.7,4.8,4.9,5,5.1,5.2,5.3,5.4,5.5,5.6,5.7,5.8,5.9,6,6.1,6.2,6.3,6.4,6.5,6.6,6.7,6.8,6.9,7,7.1,7.2,7.3,7.4,7.5,7.6,7.7,7.8,7.9,8,8.1,8.2,8.3,8.4,8.5,8.6,8.7,8.8,8.9,9,9.1,9.2,9.3,9.4,9.5,9.6,9.7,9.8,9.9,10
0.1,0.00032955,0.0006591,0.00098865,0.0013182,0.0016478,0.0019773,0.0023069,0.0026364,0.002966,0.0032955,0.0036251,0.0039546,0.0042842,0.0046137,0.0049433,0.0052728,0.0056024,0.0059319,0.0062615,0.006591,0.0069206,0.0072501,0.0075797,0.0079092,0.0082388,0.0085683,0.0088979,0.0092274,0.009557,0.0098865,0.010216,0.010546,0.010875,0.011205,0.011534,0.011864,0.012193,0.012523,0.012852,0.013182,0.013512,0.013841,0.014171,0.0145,0.01483,0.015159,0.015489,0.015818,0.016148,0.016478,0.016807,0.017137,0.017466,0.017796,0.018125,0.018455,0.018784,0.019114,0.019444,0.019773,0.020103,0.020432,0.020762,0.021091,0.021421,0.02175,0.02208,0.022409,0.022739,0.023069,0.023398,0.023728,0.024057,0.024387,0.024716,0.025046,0.025375,0.025705,0.026035,0.026364,0.026694,0.027023,0.027353,0.027682,0.028012,0.028341,0.028671,0.029,0.02933,0.02966,0.029989,0.030319,0.030648,0.030978,0.031307,0.031637,0.031966,0.032296,0.032626,0.032955
0.2,0.00029293,0.00058587,0.0008788,0.0011717,0.0014647,0.0017576,0.0020505,0.0023435,0.0026364,0.0029293,0.0032223,0.0035152,0.0038081,0.0041011,0.004394,0.0046869,0.0049799,0.0052728,0.0055657,0.0058587,0.0061516,0.0064446,0.0067375,0.0070304,0.0073234,0.0076163,0.0079092,0.0082022,0.0084951,0.008788,0.009081,0.0093739,0.0096668,0.0099598,0.010253,0.010546,0.010839,0.011131,0.011424,0.011717,0.01201,0.012303,0.012596,0.012889,0.013182,0.013475,0.013768,0.014061,0.014354,0.014647,0.01494,0.015233,0.015526,0.015818,0.016111,0.016404,0.016697,0.01699,0.017283,0.017576,0.017869,0.018162,0.018455,0.018748,0.019041,0.019334,0.019627,0.01992,0.020212,0.020505,0.020798,0.021091,0.021384,0.021677,0.02197,0.022263,0.022556,0.022849,0.023142,0.023435,0.023728,0.024021,0.024314,0.024606,0.024899,0.025192,0.025485,0.025778,0.026071,0.026364,0.026657,0.02695,0.027243,0.027536,0.027829,0.028122,0.028415,0.028708,0.029,0.029293
0.3,0.00028247,0.00056494,0.00084742,0.0011299,0.0014124,0.0016948,0.0019773,0.0022598,0.0025423,0.0028247,0.0031072,0.0033897,0.0036721,0.0039546,0.0042371,0.0045196,0.004802,0.0050845,0.005367,0.0056494,0.0059319,0.0062144,0.0064969,0.0067793,0.0070618,0.0073443,0.0076268,0.0079092,0.0081917,0.0084742,0.0087566,0.0090391,0.0093216,0.0096041,0.0098865,0.010169,0.010451,0.010734,0.011016,0.011299,0.011581,0.011864,0.012146,0.012429,0.012711,0.012994,0.013276,0.013559,0.013841,0.014124,0.014406,0.014689,0.014971,0.015254,0.015536,0.015818,0.016101,0.016383,0.016666,0.016948,0.017231,0.017513,0.017796,0.018078,0.018361,0.018643,0.018926,0.019208,0.019491,0.019773,0.020056,0.020338,0.02062,0.020903,0.021185,0.021468,0.02175,0.022033,0.022315,0.022598,0.02288,0.023163,0.023445,0.023728,0.02401,0.024293,0.024575,0.024858,0.02514,0.025423,0.025705,0.025987,0.02627,0.026552,0.026835,0.027117,0.0274,0.027682,0.027965,0.028247
0.4,0.00027752,0.00055503,0.00083255,0.0011101,0.0013876,0.0016651,0.0019426,0.0022201,0.0024976,0.0027752,0.0030527,0.0033302,0.0036077,0.0038852,0.0041627,0.0044403,0.0047178,0.0049953,0.0052728,0.0055503,0.0058278,0.0061054,0.0063829,0.0066604,0.0069379,0.0072154,0.0074929,0.0077705,0.008048,0.0083255,0.008603,0.0088805,0.009158,0.0094356,0.0097131,0.0099906,0.010268,0.010546,0.010823,0.011101,0.011378,0.011656,0.011933,0.012211,0.012488,0.012766,0.013043,0.013321,0.013598,0.013876,0.014153,0.014431,0.014708,0.014986,0.015263,0.015541,0.015818,0.016096,0.016373,0.016651,0.016929,0.017206,0.017484,0.017761,0.018039,0.018316,0.018594,0.018871,0.019149,0.019426,0.019704,0.019981,0.020259,0.020536,0.020814,0.021091,0.021369,0.021646,0.021924,0.022201,0.022479,0.022756,0.023034,0.023311,0.023589,0.023866,0.024144,0.024421,0.024699,0.024976,0.025254,0.025532,0.025809,0.026087,0.026364,0.026642,0.026919,0.027197,0.027474,0.027752
0.5,0.00027463,0.00054925,0.00082388,0.0010985,0.0013731,0.0016478,0.0019224,0.002197,0.0024716,0.0027463,0.0030209,0.0032955,0.0035701,0.0038448,0.0041194,0.004394,0.0046686,0.0049433,0.0052179,0.0054925,0.0057671,0.0060418,0.0063164,0.006591,0.0068656,0.0071403,0.0074149,0.0076895,0.0079641,0.0082388,0.0085134,0.008788,0.0090627,0.0093373,0.0096119,0.0098865,0.010161,0.010436,0.01071,0.010985,0.01126,0.011534,0.011809,0.012084,0.012358,0.012633,0.012907,0.013182,0.013457,0.013731,0.014006,0.014281,0.014555,0.01483,0.015104,0.015379,0.015654,0.015928,0.016203,0.016478,0.016752,0.017027,0.017301,0.017576,0.017851,0.018125,0.0184,0.018675,0.018949,0.019224,0.019498,0.019773,0.020048,0.020322,0.020597,0.020872,0.021146,0.021421,0.021695,0.02197,0.022245,0.022519,0.022794,0.023069,0.023343,0.023618,0.023892,0.024167,0.024442,0.024716,0.024991,0.025266,0.02554,0.025815,0.026089,0.026364,0.026639,0.026913,0.027188,0.027463
0.6,0.00027273,0.00054546,0.0008182,0.0010909,0.0013637,0.0016364,0.0019091,0.0021819,0.0024546,0.0027273,0.0030001,0.0032728,0.0035455,0.0038182,0.004091,0.0043637,0.0046364,0.0049092,0.0051819,0.0054546,0.0057274,0.0060001,0.0062728,0.0065456,0.0068183,0.007091,0.0073638,0.0076365,0.0079092,0.008182,0.0084547,0.0087274,0.0090002,0.0092729,0.0095456,0.0098183,0.010091,0.010364,0.010637,0.010909,0.011182,0.011455,0.011727,0.012,0.012273,0.012546,0.012818,0.013091,0.013364,0.013637,0.013909,0.014182,0.014455,0.014728,0.015,0.015273,0.015546,0.015818,0.016091,0.016364,0.016637,0.016909,0.017182,0.017455,0.017728,0.018,0.018273,0.018546,0.018818,0.019091,0.019364,0.019637,0.019909,0.020182,0.020455,0.020728,0.021,0.021273,0.021546,0.021819,0.022091,0.022364,0.022637,0.022909,0.023182,0.023455,0.023728,0.024,0.024273,0.024546,0.024819,0.025091,0.025364,0.025637,0.02591,0.026182,0.026455,0.026728,0.027,0.027273
0.7,0.00027139,0.00054279,0.00081418,0.0010856,0.001357,0.0016284,0.0018998,0.0021712,0.0024426,0.0027139,0.0029853,0.0032567,0.0035281,0.0037995,0.0040709,0.0043423,0.0046137,0.0048851,0.0051565,0.0054279,0.0056993,0.0059707,0.0062421,0.0065135,0.0067849,0.0070563,0.0073277,0.0075991,0.0078705,0.0081418,0.0084132,0.0086846,0.008956,0.0092274,0.0094988,0.0097702,0.010042,0.010313,0.010584,0.010856,0.011127,0.011399,0.01167,0.011941,0.012213,0.012484,0.012756,0.013027,0.013298,0.01357,0.013841,0.014113,0.014384,0.014655,0.014927,0.015198,0.01547,0.015741,0.016012,0.016284,0.016555,0.016826,0.017098,0.017369,0.017641,0.017912,0.018183,0.018455,0.018726,0.018998,0.019269,0.01954,0.019812,0.020083,0.020355,0.020626,0.020897,0.021169,0.02144,0.021712,0.021983,0.022254,0.022526,0.022797,0.023069,0.02334,0.023611,0.023883,0.024154,0.024426,0.024697,0.024968,0.02524,0.025511,0.025783,0.026054,0.026325,0.026597,0.026868,0.027139
0.8,0.0002704,0.0005408,0.0008112,0.0010816,0.001352,0.0016224,0.0018928,0.0021632,0.0024336,0.002704,0.0029744,0.0032448,0.0035152,0.0037856,0.004056,0.0043264,0.0045968,0.0048672,0.0051376,0.005408,0.0056784,0.0059488,0.0062192,0.0064896,0.00676,0.0070304,0.0073008,0.0075712,0.0078416,0.008112,0.0083824,0.0086528,0.0089232,0.0091936,0.009464,0.0097344,0.010005,0.010275,0.010546,0.010816,0.011086,0.011357,0.011627,0.011898,0.012168,0.012438,0.012709,0.012979,0.01325,0.01352,0.01379,0.014061,0.014331,0.014602,0.014872,0.015142,0.015413,0.015683,0.015954,0.016224,0.016494,0.016765,0.017035,0.017306,0.017576,0.017846,0.018117,0.018387,0.018658,0.018928,0.019198,0.019469,0.019739,0.02001,0.02028,0.02055,0.020821,0.021091,0.021362,0.021632,0.021902,0.022173,0.022443,0.022714,0.022984,0.023254,0.023525,0.023795,0.024066,0.024336,0.024606,0.024877,0.025147,0.025418,0.025688,0.025958,0.026229,0.026499,0.02677,0.02704
0.9,0.00026963,0.00053927,0.0008089,0.0010785,0.0013482,0.0016178,0.0018874,0.0021571,0.0024267,0.0026963,0.002966,0.0032356,0.0035052,0.0037749,0.0040445,0.0043141,0.0045838,0.0048534,0.005123,0.0053927,0.0056623,0.0059319,0.0062016,0.0064712,0.0067408,0.0070104,0.0072801,0.0075497,0.0078193,0.008089,0.0083586,0.0086282,0.0088979,0.0091675,0.0094371,0.0097068,0.0099764,0.010246,0.010516,0.010785,0.011055,0.011325,0.011594,0.011864,0.012133,0.012403,0.012673,0.012942,0.013212,0.013482,0.013751,0.014021,0.014291,0.01456,0.01483,0.015099,0.015369,0.015639,0.015908,0.016178,0.016448,0.016717,0.016987,0.017256,0.017526,0.017796,0.018065,0.018335,0.018605,0.018874,0.019144,0.019414,0.019683,0.019953,0.020222,0.020492,0.020762,0.021031,0.021301,0.021571,0.02184,0.02211,0.02238,0.022649,0.022919,0.023188,0.023458,0.023728,0.023997,0.024267,0.024537,0.024806,0.025076,0.025345,0.025615,0.025885,0.026154,0.026424,0.026694,0.026963
1,0.00026902,0.00053804,0.00080706,0.0010761,0.0013451,0.0016141,0.0018831,0.0021522,0.0024212,0.0026902,0.0029592,0.0032283,0.0034973,0.0037663,0.0040353,0.0043043,0.0045734,0.0048424,0.0051114,0.0053804,0.0056494,0.0059185,0.0061875,0.0064565,0.0067255,0.0069946,0.0072636,0.0075326,0.0078016,0.0080706,0.0083397,0.0086087,0.0088777,0.0091467,0.0094157,0.0096848,0.0099538,0.010223,0.010492,0.010761,0.01103,0.011299,0.011568,0.011837,0.012106,0.012375,0.012644,0.012913,0.013182,0.013451,0.01372,0.013989,0.014258,0.014527,0.014796,0.015065,0.015334,0.015603,0.015872,0.016141,0.01641,0.016679,0.016948,0.017217,0.017486,0.017755,0.018024,0.018293,0.018562,0.018831,0.019101,0.01937,0.019639,0.019908,0.020177,0.020446,0.020715,0.020984,0.021253,0.021522,0.021791,0.02206,0.022329,0.022598,0.022867,0.023136,0.023405,0.023674,0.023943,0.024212,0.024481,0.02475,0.025019,0.025288,0.025557,0.025826,0.026095,0.026364,0.026633,0.026902
1.1,0.00026852,0.00053705,0.00080557,0.0010741,0.0013426,0.0016111,0.0018797,0.0021482,0.0024167,0.0026852,0.0029538,0.0032223,0.0034908,0.0037593,0.0040278,0.0042964,0.0045649,0.0048334,0.0051019,0.0053705,0.005639,0.0059075,0.006176,0.0064446,0.0067131,0.0069816,0.0072501,0.0075186,0.0077872,0.0080557,0.0083242,0.0085927,0.0088613,0.0091298,0.0093983,0.0096668,0.0099354,0.010204,0.010472,0.010741,0.011009,0.011278,0.011546,0.011815,0.012084,0.012352,0.012621,0.012889,0.013158,0.013426,0.013695,0.013963,0.014232,0.0145,0.014769,0.015037,0.015306,0.015574,0.015843,0.016111,0.01638,0.016648,0.016917,0.017185,0.017454,0.017723,0.017991,0.01826,0.018528,0.018797,0.019065,0.019334,0.019602,0.019871,0.020139,0.020408,0.020676,0.020945,0.021213,0.021482,0.02175,0.022019,0.022287,0.022556,0.022824,0.023093,0.023362,0.02363,0.023899,0.024167,0.024436,0.024704,0.024973,0.025241,0.02551,0.025778,0.026047,0.026315,0.026584,0.026852
1.2,0.00026811,0.00053622,0.00080433,0.0010724,0.0013405,0.0016087,0.0018768,0.0021449,0.002413,0.0026811,0.0029492,0.0032173,0.0034854,0.0037535,0.0040216,0.0042897,0.0045579,0.004826,0.0050941,0.0053622,0.0056303,0.0058984,0.0061665,0.0064346,0.0067027,0.0069708,0.007239,0.0075071,0.0077752,0.0080433,0.0083114,0.0085795,0.0088476,0.0091157,0.0093838,0.0096519,0.00992,0.010188,0.010456,0.010724,0.010992,0.011261,0.011529,0.011797,0.012065,0.012333,0.012601,0.012869,0.013137,0.013405,0.013674,0.013942,0.01421,0.014478,0.014746,0.015014,0.015282,0.01555,0.015818,0.016087,0.016355,0.016623,0.016891,0.017159,0.017427,0.017695,0.017963,0.018231,0.0185,0.018768,0.019036,0.019304,0.019572,0.01984,0.020108,0.020376,0.020644,0.020913,0.021181,0.021449,0.021717,0.021985,0.022253,0.022521,0.022789,0.023057,0.023326,0.023594,0.023862,0.02413,0.024398,0.024666,0.024934,0.025202,0.02547,0.025738,0.026007,0.026275,0.026543,0.026811
1.3,0.00026776,0.00053552,0.00080328,0.001071,0.0013388,0.0016066,0.0018743,0.0021421,0.0024098,0.0026776,0.0029454,0.0032131,0.0034809,0.0037486,0.0040164,0.0042842,0.0045519,0.0048197,0.0050874,0.0053552,0.005623,0.0058907,0.0061585,0.0064262,0.006694,0.0069618,0.0072295,0.0074973,0.007765,0.0080328,0.0083006,0.0085683,0.0088361,0.0091038,0.0093716,0.0096394,0.0099071,0.010175,0.010443,0.01071,0.010978,0.011246,0.011514,0.011781,0.012049,0.012317,0.012585,0.012852,0.01312,0.013388,0.013656,0.013924,0.014191,0.014459,0.014727,0.014995,0.015262,0.01553,0.015798,0.016066,0.016333,0.016601,0.016869,0.017137,0.017404,0.017672,0.01794,0.018208,0.018475,0.018743,0.019011,0.019279,0.019546,0.019814,0.020082,0.02035,0.020618,0.020885,0.021153,0.021421,0.021689,0.021956,0.022224,0.022492,0.02276,0.023027,0.023295,0.023563,0.023831,0.024098,0.024366,0.024634,0.024902,0.025169,0.025437,0.025705,0.025973,0.02624,0.026508,0.026776
1.4,0.00026746,0.00053492,0.00080238,0.0010698,0.0013373,0.0016048,0.0018722,0.0021397,0.0024072,0.0026746,0.0029421,0.0032095,0.003477,0.0037445,0.0040119,0.0042794,0.0045468,0.0048143,0.0050818,0.0053492,0.0056167,0.0058842,0.0061516,0.0064191,0.0066865,0.006954,0.0072215,0.0074889,0.0077564,0.0080238,0.0082913,0.0085588,0.0088262,0.0090937,0.0093612,0.0096286,0.0098961,0.010164,0.010431,0.010698,0.010966,0.011233,0.011501,0.011768,0.012036,0.012303,0.012571,0.012838,0.013106,0.013373,0.013641,0.013908,0.014175,0.014443,0.01471,0.014978,0.015245,0.015513,0.01578,0.016048,0.016315,0.016583,0.01685,0.017118,0.017385,0.017652,0.01792,0.018187,0.018455,0.018722,0.01899,0.019257,0.019525,0.019792,0.02006,0.020327,0.020595,0.020862,0.021129,0.021397,0.021664,0.021932,0.022199,0.022467,0.022734,0.023002,0.023269,0.023537,0.023804,0.024072,0.024339,0.024606,0.024874,0.025141,0.025409,0.025676,0.025944,0.026211,0.026479,0.026746
1.5,0.0002672,0.00053441,0.00080161,0.0010688,0.001336,0.0016032,0.0018704,0.0021376,0.0024048,0.002672,0.0029392,0.0032064,0.0034736,0.0037408,0.0040081,0.0042753,0.0045425,0.0048097,0.0050769,0.0053441,0.0056113,0.0058785,0.0061457,0.0064129,0.0066801,0.0069473,0.0072145,0.0074817,0.0077489,0.0080161,0.0082833,0.0085505,0.0088177,0.0090849,0.0093521,0.0096193,0.0098865,0.010154,0.010421,0.010688,0.010955,0.011223,0.01149,0.011757,0.012024,0.012291,0.012559,0.012826,0.013093,0.01336,0.013627,0.013895,0.014162,0.014429,0.014696,0.014963,0.015231,0.015498,0.015765,0.016032,0.016299,0.016567,0.016834,0.017101,0.017368,0.017635,0.017903,0.01817,0.018437,0.018704,0.018971,0.019239,0.019506,0.019773,0.02004,0.020307,0.020575,0.020842,0.021109,0.021376,0.021643,0.021911,0.022178,0.022445,0.022712,0.02298,0.023247,0.023514,0.023781,0.024048,0.024316,0.024583,0.02485,0.025117,0.025384,0.025652,0.025919,0.026186,0.026453,0.02672
1.6,0.00026698,0.00053396,0.00080093,0.0010679,0.0013349,0.0016019,0.0018688,0.0021358,0.0024028,0.0026698,0.0029368,0.0032037,0.0034707,0.0037377,0.0040047,0.0042716,0.0045386,0.0048056,0.0050726,0.0053396,0.0056065,0.0058735,0.0061405,0.0064075,0.0066745,0.0069414,0.0072084,0.0074754,0.0077424,0.0080093,0.0082763,0.0085433,0.0088103,0.0090773,0.0093442,0.0096112,0.0098782,0.010145,0.010412,0.010679,0.010946,0.011213,0.01148,0.011747,0.012014,0.012281,0.012548,0.012815,0.013082,0.013349,0.013616,0.013883,0.01415,0.014417,0.014684,0.014951,0.015218,0.015485,0.015752,0.016019,0.016286,0.016553,0.01682,0.017087,0.017354,0.017621,0.017888,0.018155,0.018421,0.018688,0.018955,0.019222,0.019489,0.019756,0.020023,0.02029,0.020557,0.020824,0.021091,0.021358,0.021625,0.021892,0.022159,0.022426,0.022693,0.02296,0.023227,0.023494,0.023761,0.024028,0.024295,0.024562,0.024829,0.025096,0.025363,0.02563,0.025897,0.026164,0.026431,0.026698
1.7,0.00026678,0.00053356,0.00080034,0.0010671,0.0013339,0.0016007,0.0018675,0.0021342,0.002401,0.0026678,0.0029346,0.0032014,0.0034681,0.0037349,0.0040017,0.0042685,0.0045352,0.004802,0.0050688,0.0053356,0.0056024,0.0058691,0.0061359,0.0064027,0.0066695,0.0069363,0.007203,0.0074698,0.0077366,0.0080034,0.0082702,0.0085369,0.0088037,0.0090705,0.0093373,0.0096041,0.0098708,0.010138,0.010404,0.010671,0.010938,0.011205,0.011472,0.011738,0.012005,0.012272,0.012539,0.012805,0.013072,0.013339,0.013606,0.013873,0.014139,0.014406,0.014673,0.01494,0.015206,0.015473,0.01574,0.016007,0.016274,0.01654,0.016807,0.017074,0.017341,0.017607,0.017874,0.018141,0.018408,0.018675,0.018941,0.019208,0.019475,0.019742,0.020008,0.020275,0.020542,0.020809,0.021076,0.021342,0.021609,0.021876,0.022143,0.022409,0.022676,0.022943,0.02321,0.023477,0.023743,0.02401,0.024277,0.024544,0.02481,0.025077,0.025344,0.025611,0.025878,0.026144,0.026411,0.026678
1.8,0.0002666,0.00053321,0.00079981,0.0010664,0.001333,0.0015996,0.0018662,0.0021328,0.0023994,0.002666,0.0029326,0.0031992,0.0034658,0.0037324,0.003999,0.0042656,0.0045323,0.0047989,0.0050655,0.0053321,0.0055987,0.0058653,0.0061319,0.0063985,0.0066651,0.0069317,0.0071983,0.0074649,0.0077315,0.0079981,0.0082647,0.0085313,0.0087979,0.0090645,0.0093311,0.0095977,0.0098643,0.010131,0.010398,0.010664,0.010931,0.011197,0.011464,0.011731,0.011997,0.012264,0.01253,0.012797,0.013064,0.01333,0.013597,0.013863,0.01413,0.014397,0.014663,0.01493,0.015196,0.015463,0.01573,0.015996,0.016263,0.016529,0.016796,0.017063,0.017329,0.017596,0.017862,0.018129,0.018396,0.018662,0.018929,0.019195,0.019462,0.019729,0.019995,0.020262,0.020528,0.020795,0.021062,0.021328,0.021595,0.021861,0.022128,0.022395,0.022661,0.022928,0.023194,0.023461,0.023728,0.023994,0.024261,0.024527,0.024794,0.025061,0.025327,0.025594,0.02586,0.026127,0.026394,0.02666
1.9,0.00026645,0.00053289,0.00079934,0.0010658,0.0013322,0.0015987,0.0018651,0.0021316,0.002398,0.0026645,0.0029309,0.0031973,0.0034638,0.0037302,0.0039967,0.0042631,0.0045296,0.004796,0.0050625,0.0053289,0.0055954,0.0058618,0.0061282,0.0063947,0.0066611,0.0069276,0.007194,0.0074605,0.0077269,0.0079934,0.0082598,0.0085263,0.0087927,0.0090591,0.0093256,0.009592,0.0098585,0.010125,0.010391,0.010658,0.010924,0.011191,0.011457,0.011724,0.01199,0.012256,0.012523,0.012789,0.013056,0.013322,0.013589,0.013855,0.014122,0.014388,0.014655,0.014921,0.015187,0.015454,0.01572,0.015987,0.016253,0.01652,0.016786,0.017053,0.017319,0.017585,0.017852,0.018118,0.018385,0.018651,0.018918,0.019184,0.019451,0.019717,0.019983,0.02025,0.020516,0.020783,0.021049,0.021316,0.021582,0.021849,0.022115,0.022381,0.022648,0.022914,0.023181,0.023447,0.023714,0.02398,0.024247,0.024513,0.024779,0.025046,0.025312,0.025579,0.025845,0.026112,0.026378,0.026645
2,0.0002663,0.00053261,0.00079891,0.0010652,0.0013315,0.0015978,0.0018641,0.0021304,0.0023967,0.002663,0.0029293,0.0031956,0.0034619,0.0037283,0.0039946,0.0042609,0.0045272,0.0047935,0.0050598,0.0053261,0.0055924,0.0058587,0.006125,0.0063913,0.0066576,0.0069239,0.0071902,0.0074565,0.0077228,0.0079891,0.0082554,0.0085217,0.008788,0.0090543,0.0093206,0.0095869,0.0098532,0.01012,0.010386,0.010652,0.010918,0.011185,0.011451,0.011717,0.011984,0.01225,0.012516,0.012783,0.013049,0.013315,0.013581,0.013848,0.014114,0.01438,0.014647,0.014913,0.015179,0.015446,0.015712,0.015978,0.016245,0.016511,0.016777,0.017043,0.01731,0.017576,0.017842,0.018109,0.018375,0.018641,0.018908,0.019174,0.01944,0.019706,0.019973,0.020239,0.020505,0.020772,0.021038,0.021304,0.021571,0.021837,0.022103,0.02237,0.022636,0.022902,0.023168,0.023435,0.023701,0.023967,0.024234,0.0245,0.024766,0.025033,0.025299,0.025565,0.025831,0.026098,0.026364,0.02663
2.1,0.00026618,0.00053235,0.00079853,0.0010647,0.0013309,0.0015971,0.0018632,0.0021294,0.0023956,0.0026618,0.0029279,0.0031941,0.0034603,0.0037265,0.0039926,0.0042588,0.004525,0.0047912,0.0050573,0.0053235,0.0055897,0.0058559,0.006122,0.0063882,0.0066544,0.0069206,0.0071867,0.0074529,0.0077191,0.0079853,0.0082514,0.0085176,0.0087838,0.00905,0.0093162,0.0095823,0.0098485,0.010115,0.010381,0.010647,0.010913,0.011179,0.011446,0.011712,0.011978,0.012244,0.01251,0.012776,0.013043,0.013309,0.013575,0.013841,0.014107,0.014373,0.01464,0.014906,0.015172,0.015438,0.015704,0.015971,0.016237,0.016503,0.016769,0.017035,0.017301,0.017568,0.017834,0.0181,0.018366,0.018632,0.018898,0.019165,0.019431,0.019697,0.019963,0.020229,0.020496,0.020762,0.021028,0.021294,0.02156,0.021826,0.022093,0.022359,0.022625,0.022891,0.023157,0.023423,0.02369,0.023956,0.024222,0.024488,0.024754,0.025021,0.025287,0.025553,0.025819,0.026085,0.026351,0.026618
2.2,0.00026606,0.00053212,0.00079818,0.0010642,0.0013303,0.0015964,0.0018624,0.0021285,0.0023945,0.0026606,0.0029267,0.0031927,0.0034588,0.0037248,0.0039909,0.004257,0.004523,0.0047891,0.0050551,0.0053212,0.0055872,0.0058533,0.0061194,0.0063854,0.0066515,0.0069175,0.0071836,0.0074497,0.0077157,0.0079818,0.0082478,0.0085139,0.00878,0.009046,0.0093121,0.0095781,0.0098442,0.01011,0.010376,0.010642,0.010908,0.011174,0.011441,0.011707,0.011973,0.012239,0.012505,0.012771,0.013037,0.013303,0.013569,0.013835,0.014101,0.014367,0.014633,0.014899,0.015165,0.015431,0.015698,0.015964,0.01623,0.016496,0.016762,0.017028,0.017294,0.01756,0.017826,0.018092,0.018358,0.018624,0.01889,0.019156,0.019422,0.019688,0.019954,0.020221,0.020487,0.020753,0.021019,0.021285,0.021551,0.021817,0.022083,0.022349,0.022615,0.022881,0.023147,0.023413,0.023679,0.023945,0.024211,0.024477,0.024744,0.02501,0.025276,0.025542,0.025808,0.026074,0.02634,0.026606
2.3,0.00026595,0.00053191,0.00079786,0.0010638,0.0013298,0.0015957,0.0018617,0.0021276,0.0023936,0.0026595,0.0029255,0.0031914,0.0034574,0.0037233,0.0039893,0.0042553,0.0045212,0.0047872,0.0050531,0.0053191,0.005585,0.005851,0.0061169,0.0063829,0.0066488,0.0069148,0.0071807,0.0074467,0.0077126,0.0079786,0.0082446,0.0085105,0.0087765,0.0090424,0.0093084,0.0095743,0.0098403,0.010106,0.010372,0.010638,0.010904,0.01117,0.011436,0.011702,0.011968,0.012234,0.0125,0.012766,0.013032,0.013298,0.013564,0.01383,0.014096,0.014361,0.014627,0.014893,0.015159,0.015425,0.015691,0.015957,0.016223,0.016489,0.016755,0.017021,0.017287,0.017553,0.017819,0.018085,0.018351,0.018617,0.018883,0.019149,0.019415,0.019681,0.019947,0.020212,0.020478,0.020744,0.02101,0.021276,0.021542,0.021808,0.022074,0.02234,0.022606,0.022872,0.023138,0.023404,0.02367,0.023936,0.024202,0.024468,0.024734,0.025,0.025266,0.025532,0.025797,0.026063,0.026329,0.026595
2.4,0.00026586,0.00053171,0.00079757,0.0010634,0.0013293,0.0015951,0.001861,0.0021268,0.0023927,0.0026586,0.0029244,0.0031903,0.0034561,0.003722,0.0039878,0.0042537,0.0045196,0.0047854,0.0050513,0.0053171,0.005583,0.0058488,0.0061147,0.0063805,0.0066464,0.0069123,0.0071781,0.007444,0.0077098,0.0079757,0.0082415,0.0085074,0.0087733,0.0090391,0.009305,0.0095708,0.0098367,0.010103,0.010368,0.010634,0.0109,0.011166,0.011432,0.011698,0.011964,0.012229,0.012495,0.012761,0.013027,0.013293,0.013559,0.013825,0.01409,0.014356,0.014622,0.014888,0.015154,0.01542,0.015686,0.015951,0.016217,0.016483,0.016749,0.017015,0.017281,0.017547,0.017812,0.018078,0.018344,0.01861,0.018876,0.019142,0.019408,0.019673,0.019939,0.020205,0.020471,0.020737,0.021003,0.021268,0.021534,0.0218,0.022066,0.022332,0.022598,0.022864,0.023129,0.023395,0.023661,0.023927,0.024193,0.024459,0.024725,0.02499,0.025256,0.025522,0.025788,0.026054,0.02632,0.026586
2.5,0.00026577,0.00053153,0.0007973,0.0010631,0.0013288,0.0015946,0.0018604,0.0021261,0.0023919,0.0026577,0.0029234,0.0031892,0.003455,0.0037207,0.0039865,0.0042523,0.004518,0.0047838,0.0050496,0.0053153,0.0055811,0.0058469,0.0061126,0.0063784,0.0066442,0.0069099,0.0071757,0.0074415,0.0077072,0.007973,0.0082388,0.0085045,0.0087703,0.0090361,0.0093018,0.0095676,0.0098334,0.010099,0.010365,0.010631,0.010896,0.011162,0.011428,0.011694,0.01196,0.012225,0.012491,0.012757,0.013023,0.013288,0.013554,0.01382,0.014086,0.014351,0.014617,0.014883,0.015149,0.015414,0.01568,0.015946,0.016212,0.016478,0.016743,0.017009,0.017275,0.017541,0.017806,0.018072,0.018338,0.018604,0.018869,0.019135,0.019401,0.019667,0.019933,0.020198,0.020464,0.02073,0.020996,0.021261,0.021527,0.021793,0.022059,0.022324,0.02259,0.022856,0.023122,0.023387,0.023653,0.023919,0.024185,0.024451,0.024716,0.024982,0.025248,0.025514,0.025779,0.026045,0.026311,0.026577
2.6,0.00026568,0.00053137,0.00079705,0.0010627,0.0013284,0.0015941,0.0018598,0.0021255,0.0023912,0.0026568,0.0029225,0.0031882,0.0034539,0.0037196,0.0039853,0.004251,0.0045166,0.0047823,0.005048,0.0053137,0.0055794,0.0058451,0.0061107,0.0063764,0.0066421,0.0069078,0.0071735,0.0074392,0.0077049,0.0079705,0.0082362,0.0085019,0.0087676,0.0090333,0.009299,0.0095646,0.0098303,0.010096,0.010362,0.010627,0.010893,0.011159,0.011424,0.01169,0.011956,0.012221,0.012487,0.012753,0.013019,0.013284,0.01355,0.013816,0.014081,0.014347,0.014613,0.014878,0.015144,0.01541,0.015675,0.015941,0.016207,0.016472,0.016738,0.017004,0.017269,0.017535,0.017801,0.018067,0.018332,0.018598,0.018864,0.019129,0.019395,0.019661,0.019926,0.020192,0.020458,0.020723,0.020989,0.021255,0.02152,0.021786,0.022052,0.022317,0.022583,0.022849,0.023115,0.02338,0.023646,0.023912,0.024177,0.024443,0.024709,0.024974,0.02524,0.025506,0.025771,0.026037,0.026303,0.026568
2.7,0.00026561,0.00053122,0.00079682,0.0010624,0.001328,0.0015936,0.0018593,0.0021249,0.0023905,0.0026561,0.0029217,0.0031873,0.0034529,0.0037185,0.0039841,0.0042497,0.0045153,0.0047809,0.0050466,0.0053122,0.0055778,0.0058434,0.006109,0.0063746,0.0066402,0.0069058,0.0071714,0.007437,0.0077026,0.0079682,0.0082339,0.0084995,0.0087651,0.0090307,0.0092963,0.0095619,0.0098275,0.010093,0.010359,0.010624,0.01089,0.011156,0.011421,0.011687,0.011952,0.012218,0.012484,0.012749,0.013015,0.01328,0.013546,0.013812,0.014077,0.014343,0.014608,0.014874,0.01514,0.015405,0.015671,0.015936,0.016202,0.016468,0.016733,0.016999,0.017265,0.01753,0.017796,0.018061,0.018327,0.018593,0.018858,0.019124,0.019389,0.019655,0.019921,0.020186,0.020452,0.020717,0.020983,0.021249,0.021514,0.02178,0.022045,0.022311,0.022577,0.022842,0.023108,0.023374,0.023639,0.023905,0.02417,0.024436,0.024702,0.024967,0.025233,0.025498,0.025764,0.02603,0.026295,0.026561
2.8,0.00026554,0.00053107,0.00079661,0.0010621,0.0013277,0.0015932,0.0018588,0.0021243,0.0023898,0.0026554,0.0029209,0.0031864,0.003452,0.0037175,0.0039831,0.0042486,0.0045141,0.0047797,0.0050452,0.0053107,0.0055763,0.0058418,0.0061074,0.0063729,0.0066384,0.006904,0.0071695,0.007435,0.0077006,0.0079661,0.0082317,0.0084972,0.0087627,0.0090283,0.0092938,0.0095593,0.0098249,0.01009,0.010356,0.010621,0.010887,0.011153,0.011418,0.011684,0.011949,0.012215,0.01248,0.012746,0.013011,0.013277,0.013542,0.013808,0.014073,0.014339,0.014605,0.01487,0.015136,0.015401,0.015667,0.015932,0.016198,0.016463,0.016729,0.016994,0.01726,0.017525,0.017791,0.018057,0.018322,0.018588,0.018853,0.019119,0.019384,0.01965,0.019915,0.020181,0.020446,0.020712,0.020977,0.021243,0.021509,0.021774,0.02204,0.022305,0.022571,0.022836,0.023102,0.023367,0.023633,0.023898,0.024164,0.024429,0.024695,0.024961,0.025226,0.025492,0.025757,0.026023,0.026288,0.026554
2.9,0.00026547,0.00053094,0.00079641,0.0010619,0.0013274,0.0015928,0.0018583,0.0021238,0.0023892,0.0026547,0.0029202,0.0031857,0.0034511,0.0037166,0.0039821,0.0042475,0.004513,0.0047785,0.005044,0.0053094,0.0055749,0.0058404,0.0061058,0.0063713,0.0066368,0.0069023,0.0071677,0.0074332,0.0076987,0.0079641,0.0082296,0.0084951,0.0087606,0.009026,0.0092915,0.009557,0.0098224,0.010088,0.010353,0.010619,0.010884,0.01115,0.011415,0.011681,0.011946,0.012212,0.012477,0.012743,0.013008,0.013274,0.013539,0.013805,0.01407,0.014335,0.014601,0.014866,0.015132,0.015397,0.015663,0.015928,0.016194,0.016459,0.016725,0.01699,0.017256,0.017521,0.017787,0.018052,0.018318,0.018583,0.018848,0.019114,0.019379,0.019645,0.01991,0.020176,0.020441,0.020707,0.020972,0.021238,0.021503,0.021769,0.022034,0.0223,0.022565,0.022831,0.023096,0.023362,0.023627,0.023892,0.024158,0.024423,0.024689,0.024954,0.02522,0.025485,0.025751,0.026016,0.026282,0.026547
3,0.00026541,0.00053082,0.00079623,0.0010616,0.0013271,0.0015925,0.0018579,0.0021233,0.0023887,0.0026541,0.0029195,0.0031849,0.0034503,0.0037157,0.0039812,0.0042466,0.004512,0.0047774,0.0050428,0.0053082,0.0055736,0.005839,0.0061044,0.0063698,0.0066353,0.0069007,0.0071661,0.0074315,0.0076969,0.0079623,0.0082277,0.0084931,0.0087585,0.0090239,0.0092894,0.0095548,0.0098202,0.010086,0.010351,0.010616,0.010882,0.011147,0.011413,0.011678,0.011943,0.012209,0.012474,0.01274,0.013005,0.013271,0.013536,0.013801,0.014067,0.014332,0.014598,0.014863,0.015128,0.015394,0.015659,0.015925,0.01619,0.016455,0.016721,0.016986,0.017252,0.017517,0.017782,0.018048,0.018313,0.018579,0.018844,0.01911,0.019375,0.01964,0.019906,0.020171,0.020437,0.020702,0.020967,0.021233,0.021498,0.021764,0.022029,0.022294,0.02256,0.022825,0.023091,0.023356,0.023622,0.023887,0.024152,0.024418,0.024683,0.024949,0.025214,0.025479,0.025745,0.02601,0.026276,0.026541
3.1,0.00026535,0.00053071,0.00079606,0.0010614,0.0013268,0.0015921,0.0018575,0.0021228,0.0023882,0.0026535,0.0029189,0.0031842,0.0034496,0.0037149,0.0039803,0.0042456,0.004511,0.0047763,0.0050417,0.0053071,0.0055724,0.0058378,0.0061031,0.0063685,0.0066338,0.0068992,0.0071645,0.0074299,0.0076952,0.0079606,0.0082259,0.0084913,0.0087566,0.009022,0.0092873,0.0095527,0.0098181,0.010083,0.010349,0.010614,0.010879,0.011145,0.01141,0.011676,0.011941,0.012206,0.012472,0.012737,0.013002,0.013268,0.013533,0.013798,0.014064,0.014329,0.014594,0.01486,0.015125,0.01539,0.015656,0.015921,0.016187,0.016452,0.016717,0.016983,0.017248,0.017513,0.017779,0.018044,0.018309,0.018575,0.01884,0.019105,0.019371,0.019636,0.019901,0.020167,0.020432,0.020698,0.020963,0.021228,0.021494,0.021759,0.022024,0.02229,0.022555,0.02282,0.023086,0.023351,0.023616,0.023882,0.024147,0.024412,0.024678,0.024943,0.025209,0.025474,0.025739,0.026005,0.02627,0.026535
3.2,0.0002653,0.0005306,0.0007959,0.0010612,0.0013265,0.0015918,0.0018571,0.0021224,0.0023877,0.002653,0.0029183,0.0031836,0.0034489,0.0037142,0.0039795,0.0042448,0.0045101,0.0047754,0.0050407,0.005306,0.0055713,0.0058366,0.0061019,0.0063672,0.0066325,0.0068978,0.0071631,0.0074284,0.0076937,0.007959,0.0082243,0.0084896,0.0087549,0.0090202,0.0092855,0.0095508,0.0098161,0.010081,0.010347,0.010612,0.010877,0.011143,0.011408,0.011673,0.011938,0.012204,0.012469,0.012734,0.013,0.013265,0.01353,0.013796,0.014061,0.014326,0.014591,0.014857,0.015122,0.015387,0.015653,0.015918,0.016183,0.016449,0.016714,0.016979,0.017244,0.01751,0.017775,0.01804,0.018306,0.018571,0.018836,0.019102,0.019367,0.019632,0.019897,0.020163,0.020428,0.020693,0.020959,0.021224,0.021489,0.021755,0.02202,0.022285,0.02255,0.022816,0.023081,0.023346,0.023612,0.023877,0.024142,0.024407,0.024673,0.024938,0.025203,0.025469,0.025734,0.025999,0.026265,0.02653
3.3,0.00026525,0.0005305,0.00079575,0.001061,0.0013262,0.0015915,0.0018567,0.002122,0.0023872,0.0026525,0.0029177,0.003183,0.0034482,0.0037135,0.0039787,0.004244,0.0045092,0.0047745,0.0050397,0.005305,0.0055702,0.0058355,0.0061007,0.006366,0.0066312,0.0068965,0.0071617,0.007427,0.0076922,0.0079575,0.0082227,0.0084879,0.0087532,0.0090184,0.0092837,0.0095489,0.0098142,0.010079,0.010345,0.01061,0.010875,0.01114,0.011406,0.011671,0.011936,0.012201,0.012467,0.012732,0.012997,0.013262,0.013528,0.013793,0.014058,0.014323,0.014589,0.014854,0.015119,0.015384,0.01565,0.015915,0.01618,0.016445,0.016711,0.016976,0.017241,0.017506,0.017772,0.018037,0.018302,0.018567,0.018833,0.019098,0.019363,0.019628,0.019894,0.020159,0.020424,0.020689,0.020955,0.02122,0.021485,0.02175,0.022016,0.022281,0.022546,0.022811,0.023077,0.023342,0.023607,0.023872,0.024138,0.024403,0.024668,0.024933,0.025199,0.025464,0.025729,0.025994,0.02626,0.026525
3.4,0.0002652,0.0005304,0.0007956,0.0010608,0.001326,0.0015912,0.0018564,0.0021216,0.0023868,0.002652,0.0029172,0.0031824,0.0034476,0.0037128,0.003978,0.0042432,0.0045084,0.0047736,0.0050388,0.005304,0.0055692,0.0058344,0.0060996,0.0063648,0.00663,0.0068952,0.0071604,0.0074256,0.0076908,0.007956,0.0082212,0.0084864,0.0087516,0.0090168,0.009282,0.0095472,0.0098124,0.010078,0.010343,0.010608,0.010873,0.011138,0.011404,0.011669,0.011934,0.012199,0.012464,0.01273,0.012995,0.01326,0.013525,0.01379,0.014056,0.014321,0.014586,0.014851,0.015116,0.015382,0.015647,0.015912,0.016177,0.016442,0.016708,0.016973,0.017238,0.017503,0.017768,0.018034,0.018299,0.018564,0.018829,0.019094,0.01936,0.019625,0.01989,0.020155,0.02042,0.020686,0.020951,0.021216,0.021481,0.021746,0.022012,0.022277,0.022542,0.022807,0.023072,0.023338,0.023603,0.023868,0.024133,0.024398,0.024664,0.024929,0.025194,0.025459,0.025724,0.02599,0.026255,0.02652
3.5,0.00026516,0.00053031,0.00079547,0.0010606,0.0013258,0.0015909,0.0018561,0.0021212,0.0023864,0.0026516,0.0029167,0.0031819,0.003447,0.0037122,0.0039773,0.0042425,0.0045077,0.0047728,0.005038,0.0053031,0.0055683,0.0058334,0.0060986,0.0063637,0.0066289,0.0068941,0.0071592,0.0074244,0.0076895,0.0079547,0.0082198,0.008485,0.0087501,0.0090153,0.0092805,0.0095456,0.0098108,0.010076,0.010341,0.010606,0.010871,0.011137,0.011402,0.011667,0.011932,0.012197,0.012462,0.012727,0.012993,0.013258,0.013523,0.013788,0.014053,0.014318,0.014584,0.014849,0.015114,0.015379,0.015644,0.015909,0.016175,0.01644,0.016705,0.01697,0.017235,0.0175,0.017765,0.018031,0.018296,0.018561,0.018826,0.019091,0.019356,0.019622,0.019887,0.020152,0.020417,0.020682,0.020947,0.021212,0.021478,0.021743,0.022008,0.022273,0.022538,0.022803,0.023069,0.023334,0.023599,0.023864,0.024129,0.024394,0.02466,0.024925,0.02519,0.025455,0.02572,0.025985,0.02625,0.026516
3.6,0.00026511,0.00053023,0.00079534,0.0010605,0.0013256,0.0015907,0.0018558,0.0021209,0.002386,0.0026511,0.0029162,0.0031814,0.0034465,0.0037116,0.0039767,0.0042418,0.0045069,0.004772,0.0050372,0.0053023,0.0055674,0.0058325,0.0060976,0.0063627,0.0066278,0.006893,0.0071581,0.0074232,0.0076883,0.0079534,0.0082185,0.0084836,0.0087487,0.0090139,0.009279,0.0095441,0.0098092,0.010074,0.010339,0.010605,0.01087,0.011135,0.0114,0.011665,0.01193,0.012195,0.01246,0.012725,0.012991,0.013256,0.013521,0.013786,0.014051,0.014316,0.014581,0.014846,0.015111,0.015377,0.015642,0.015907,0.016172,0.016437,0.016702,0.016967,0.017232,0.017497,0.017763,0.018028,0.018293,0.018558,0.018823,0.019088,0.019353,0.019618,0.019884,0.020149,0.020414,0.020679,0.020944,0.021209,0.021474,0.021739,0.022004,0.02227,0.022535,0.0228,0.023065,0.02333,0.023595,0.02386,0.024125,0.02439,0.024656,0.024921,0.025186,0.025451,0.025716,0.025981,0.026246,0.026511
3.7,0.00026507,0.00053015,0.00079522,0.0010603,0.0013254,0.0015904,0.0018555,0.0021206,0.0023857,0.0026507,0.0029158,0.0031809,0.003446,0.003711,0.0039761,0.0042412,0.0045063,0.0047713,0.0050364,0.0053015,0.0055665,0.0058316,0.0060967,0.0063618,0.0066268,0.0068919,0.007157,0.0074221,0.0076871,0.0079522,0.0082173,0.0084824,0.0087474,0.0090125,0.0092776,0.0095426,0.0098077,0.010073,0.010338,0.010603,0.010868,0.011133,0.011398,0.011663,0.011928,0.012193,0.012458,0.012724,0.012989,0.013254,0.013519,0.013784,0.014049,0.014314,0.014579,0.014844,0.015109,0.015374,0.015639,0.015904,0.016169,0.016435,0.0167,0.016965,0.01723,0.017495,0.01776,0.018025,0.01829,0.018555,0.01882,0.019085,0.01935,0.019615,0.019881,0.020146,0.020411,0.020676,0.020941,0.021206,0.021471,0.021736,0.022001,0.022266,0.022531,0.022796,0.023061,0.023326,0.023592,0.023857,0.024122,0.024387,0.024652,0.024917,0.025182,0.025447,0.025712,0.025977,0.026242,0.026507
3.8,0.00026504,0.00053007,0.00079511,0.0010601,0.0013252,0.0015902,0.0018552,0.0021203,0.0023853,0.0026504,0.0029154,0.0031804,0.0034455,0.0037105,0.0039755,0.0042406,0.0045056,0.0047706,0.0050357,0.0053007,0.0055657,0.0058308,0.0060958,0.0063609,0.0066259,0.0068909,0.007156,0.007421,0.007686,0.0079511,0.0082161,0.0084811,0.0087462,0.0090112,0.0092762,0.0095413,0.0098063,0.010071,0.010336,0.010601,0.010866,0.011131,0.011397,0.011662,0.011927,0.012192,0.012457,0.012722,0.012987,0.013252,0.013517,0.013782,0.014047,0.014312,0.014577,0.014842,0.015107,0.015372,0.015637,0.015902,0.016167,0.016432,0.016697,0.016962,0.017227,0.017492,0.017757,0.018022,0.018287,0.018552,0.018818,0.019083,0.019348,0.019613,0.019878,0.020143,0.020408,0.020673,0.020938,0.021203,0.021468,0.021733,0.021998,0.022263,0.022528,0.022793,0.023058,0.023323,0.023588,0.023853,0.024118,0.024383,0.024648,0.024913,0.025178,0.025443,0.025708,0.025973,0.026239,0.026504
3.9,0.000265,0.00053,0.000795,0.00106,0.001325,0.00159,0.001855,0.00212,0.002385,0.00265,0.002915,0.00318,0.003445,0.00371,0.003975,0.00424,0.004505,0.00477,0.005035,0.0053,0.005565,0.00583,0.006095,0.00636,0.006625,0.00689,0.007155,0.00742,0.007685,0.00795,0.008215,0.00848,0.008745,0.00901,0.009275,0.00954,0.009805,0.01007,0.010335,0.0106,0.010865,0.01113,0.011395,0.01166,0.011925,0.01219,0.012455,0.01272,0.012985,0.01325,0.013515,0.01378,0.014045,0.01431,0.014575,0.01484,0.015105,0.01537,0.015635,0.0159,0.016165,0.01643,0.016695,0.01696,0.017225,0.01749,0.017755,0.01802,0.018285,0.01855,0.018815,0.01908,0.019345,0.01961,0.019875,0.02014,0.020405,0.02067,0.020935,0.0212,0.021465,0.02173,0.021995,0.02226,0.022525,0.02279,0.023055,0.02332,0.023585,0.02385,0.024115,0.02438,0.024645,0.02491,0.025175,0.02544,0.025705,0.02597,0.026235,0.0265
4,0.00026497,0.00052993,0.0007949,0.0010599,0.0013248,0.0015898,0.0018548,0.0021197,0.0023847,0.0026497,0.0029146,0.0031796,0.0034446,0.0037095,0.0039745,0.0042394,0.0045044,0.0047694,0.0050343,0.0052993,0.0055643,0.0058292,0.0060942,0.0063592,0.0066241,0.0068891,0.0071541,0.007419,0.007684,0.007949,0.0082139,0.0084789,0.0087439,0.0090088,0.0092738,0.0095388,0.0098037,0.010069,0.010334,0.010599,0.010864,0.011129,0.011394,0.011658,0.011923,0.012188,0.012453,0.012718,0.012983,0.013248,0.013513,0.013778,0.014043,0.014308,0.014573,0.014838,0.015103,0.015368,0.015633,0.015898,0.016163,0.016428,0.016693,0.016958,0.017223,0.017488,0.017753,0.018018,0.018283,0.018548,0.018813,0.019078,0.019342,0.019607,0.019872,0.020137,0.020402,0.020667,0.020932,0.021197,0.021462,0.021727,0.021992,0.022257,0.022522,0.022787,0.023052,0.023317,0.023582,0.023847,0.024112,0.024377,0.024642,0.024907,0.025172,0.025437,0.025702,0.025967,0.026232,0.026497
4.1,0.00026493,0.00052987,0.0007948,0.0010597,0.0013247,0.0015896,0.0018545,0.0021195,0.0023844,0.0026493,0.0029143,0.0031792,0.0034441,0.0037091,0.003974,0.0042389,0.0045039,0.0047688,0.0050337,0.0052987,0.0055636,0.0058285,0.0060935,0.0063584,0.0066233,0.0068883,0.0071532,0.0074181,0.0076831,0.007948,0.0082129,0.0084779,0.0087428,0.0090077,0.0092727,0.0095376,0.0098025,0.010067,0.010332,0.010597,0.010862,0.011127,0.011392,0.011657,0.011922,0.012187,0.012452,0.012717,0.012982,0.013247,0.013512,0.013777,0.014041,0.014306,0.014571,0.014836,0.015101,0.015366,0.015631,0.015896,0.016161,0.016426,0.016691,0.016956,0.017221,0.017486,0.017751,0.018015,0.01828,0.018545,0.01881,0.019075,0.01934,0.019605,0.01987,0.020135,0.0204,0.020665,0.02093,0.021195,0.02146,0.021725,0.021989,0.022254,0.022519,0.022784,0.023049,0.023314,0.023579,0.023844,0.024109,0.024374,0.024639,0.024904,0.025169,0.025434,0.025699,0.025963,0.026228,0.026493
4.2,0.0002649,0.0005298,0.00079471,0.0010596,0.0013245,0.0015894,0.0018543,0.0021192,0.0023841,0.002649,0.0029139,0.0031788,0.0034437,0.0037086,0.0039735,0.0042384,0.0045033,0.0047682,0.0050331,0.005298,0.0055629,0.0058278,0.0060928,0.0063577,0.0066226,0.0068875,0.0071524,0.0074173,0.0076822,0.0079471,0.008212,0.0084769,0.0087418,0.0090067,0.0092716,0.0095365,0.0098014,0.010066,0.010331,0.010596,0.010861,0.011126,0.011391,0.011656,0.011921,0.012186,0.01245,0.012715,0.01298,0.013245,0.01351,0.013775,0.01404,0.014305,0.01457,0.014835,0.015099,0.015364,0.015629,0.015894,0.016159,0.016424,0.016689,0.016954,0.017219,0.017484,0.017748,0.018013,0.018278,0.018543,0.018808,0.019073,0.019338,0.019603,0.019868,0.020133,0.020397,0.020662,0.020927,0.021192,0.021457,0.021722,0.021987,0.022252,0.022517,0.022782,0.023046,0.023311,0.023576,0.023841,0.024106,0.024371,0.024636,0.024901,0.025166,0.025431,0.025696,0.02596,0.026225,0.02649
4.3,0.00026487,0.00052975,0.00079462,0.0010595,0.0013244,0.0015892,0.0018541,0.002119,0.0023839,0.0026487,0.0029136,0.0031785,0.0034433,0.0037082,0.0039731,0.004238,0.0045028,0.0047677,0.0050326,0.0052975,0.0055623,0.0058272,0.0060921,0.0063569,0.0066218,0.0068867,0.0071516,0.0074164,0.0076813,0.0079462,0.0082111,0.0084759,0.0087408,0.0090057,0.0092705,0.0095354,0.0098003,0.010065,0.01033,0.010595,0.01086,0.011125,0.01139,0.011654,0.011919,0.012184,0.012449,0.012714,0.012979,0.013244,0.013509,0.013773,0.014038,0.014303,0.014568,0.014833,0.015098,0.015363,0.015627,0.015892,0.016157,0.016422,0.016687,0.016952,0.017217,0.017482,0.017746,0.018011,0.018276,0.018541,0.018806,0.019071,0.019336,0.019601,0.019865,0.02013,0.020395,0.02066,0.020925,0.02119,0.021455,0.02172,0.021984,0.022249,0.022514,0.022779,0.023044,0.023309,0.023574,0.023839,0.024103,0.024368,0.024633,0.024898,0.025163,0.025428,0.025693,0.025958,0.026222,0.026487
4.4,0.00026484,0.00052969,0.00079453,0.0010594,0.0013242,0.0015891,0.0018539,0.0021188,0.0023836,0.0026484,0.0029133,0.0031781,0.003443,0.0037078,0.0039727,0.0042375,0.0045024,0.0047672,0.005032,0.0052969,0.0055617,0.0058266,0.0060914,0.0063563,0.0066211,0.006886,0.0071508,0.0074156,0.0076805,0.0079453,0.0082102,0.008475,0.0087399,0.0090047,0.0092696,0.0095344,0.0097993,0.010064,0.010329,0.010594,0.010859,0.011123,0.011388,0.011653,0.011918,0.012183,0.012448,0.012713,0.012977,0.013242,0.013507,0.013772,0.014037,0.014302,0.014566,0.014831,0.015096,0.015361,0.015626,0.015891,0.016156,0.01642,0.016685,0.01695,0.017215,0.01748,0.017745,0.018009,0.018274,0.018539,0.018804,0.019069,0.019334,0.019599,0.019863,0.020128,0.020393,0.020658,0.020923,0.021188,0.021452,0.021717,0.021982,0.022247,0.022512,0.022777,0.023041,0.023306,0.023571,0.023836,0.024101,0.024366,0.024631,0.024895,0.02516,0.025425,0.02569,0.025955,0.02622,0.026484
4.5,0.00026482,0.00052964,0.00079445,0.0010593,0.0013241,0.0015889,0.0018537,0.0021185,0.0023834,0.0026482,0.002913,0.0031778,0.0034426,0.0037074,0.0039723,0.0042371,0.0045019,0.0047667,0.0050315,0.0052964,0.0055612,0.005826,0.0060908,0.0063556,0.0066204,0.0068853,0.0071501,0.0074149,0.0076797,0.0079445,0.0082094,0.0084742,0.008739,0.0090038,0.0092686,0.0095334,0.0097983,0.010063,0.010328,0.010593,0.010858,0.011122,0.011387,0.011652,0.011917,0.012182,0.012446,0.012711,0.012976,0.013241,0.013506,0.013771,0.014035,0.0143,0.014565,0.01483,0.015095,0.015359,0.015624,0.015889,0.016154,0.016419,0.016684,0.016948,0.017213,0.017478,0.017743,0.018008,0.018272,0.018537,0.018802,0.019067,0.019332,0.019597,0.019861,0.020126,0.020391,0.020656,0.020921,0.021185,0.02145,0.021715,0.02198,0.022245,0.02251,0.022774,0.023039,0.023304,0.023569,0.023834,0.024098,0.024363,0.024628,0.024893,0.025158,0.025423,0.025687,0.025952,0.026217,0.026482
4.6,0.00026479,0.00052958,0.00079438,0.0010592,0.001324,0.0015888,0.0018535,0.0021183,0.0023831,0.0026479,0.0029127,0.0031775,0.0034423,0.0037071,0.0039719,0.0042367,0.0045015,0.0047663,0.005031,0.0052958,0.0055606,0.0058254,0.0060902,0.006355,0.0066198,0.0068846,0.0071494,0.0074142,0.007679,0.0079438,0.0082086,0.0084733,0.0087381,0.0090029,0.0092677,0.0095325,0.0097973,0.010062,0.010327,0.010592,0.010856,0.011121,0.011386,0.011651,0.011916,0.01218,0.012445,0.01271,0.012975,0.01324,0.013504,0.013769,0.014034,0.014299,0.014564,0.014828,0.015093,0.015358,0.015623,0.015888,0.016152,0.016417,0.016682,0.016947,0.017211,0.017476,0.017741,0.018006,0.018271,0.018535,0.0188,0.019065,0.01933,0.019595,0.019859,0.020124,0.020389,0.020654,0.020919,0.021183,0.021448,0.021713,0.021978,0.022243,0.022507,0.022772,0.023037,0.023302,0.023566,0.023831,0.024096,0.024361,0.024626,0.02489,0.025155,0.02542,0.025685,0.02595,0.026214,0.026479
4.7,0.00026477,0.00052953,0.0007943,0.0010591,0.0013238,0.0015886,0.0018534,0.0021181,0.0023829,0.0026477,0.0029124,0.0031772,0.003442,0.0037067,0.0039715,0.0042363,0.004501,0.0047658,0.0050306,0.0052953,0.0055601,0.0058249,0.0060897,0.0063544,0.0066192,0.006884,0.0071487,0.0074135,0.0076783,0.007943,0.0082078,0.0084726,0.0087373,0.0090021,0.0092669,0.0095316,0.0097964,0.010061,0.010326,0.010591,0.010855,0.01112,0.011385,0.01165,0.011915,0.012179,0.012444,0.012709,0.012974,0.013238,0.013503,0.013768,0.014033,0.014297,0.014562,0.014827,0.015092,0.015357,0.015621,0.015886,0.016151,0.016416,0.01668,0.016945,0.01721,0.017475,0.017739,0.018004,0.018269,0.018534,0.018798,0.019063,0.019328,0.019593,0.019858,0.020122,0.020387,0.020652,0.020917,0.021181,0.021446,0.021711,0.021976,0.02224,0.022505,0.02277,0.023035,0.0233,0.023564,0.023829,0.024094,0.024359,0.024623,0.024888,0.025153,0.025418,0.025682,0.025947,0.026212,0.026477
4.8,0.00026474,0.00052949,0.00079423,0.001059,0.0013237,0.0015885,0.0018532,0.002118,0.0023827,0.0026474,0.0029122,0.0031769,0.0034417,0.0037064,0.0039712,0.0042359,0.0045006,0.0047654,0.0050301,0.0052949,0.0055596,0.0058244,0.0060891,0.0063539,0.0066186,0.0068833,0.0071481,0.0074128,0.0076776,0.0079423,0.0082071,0.0084718,0.0087365,0.0090013,0.009266,0.0095308,0.0097955,0.01006,0.010325,0.01059,0.010854,0.011119,0.011384,0.011649,0.011913,0.012178,0.012443,0.012708,0.012972,0.013237,0.013502,0.013767,0.014031,0.014296,0.014561,0.014826,0.01509,0.015355,0.01562,0.015885,0.016149,0.016414,0.016679,0.016944,0.017208,0.017473,0.017738,0.018003,0.018267,0.018532,0.018797,0.019062,0.019326,0.019591,0.019856,0.020121,0.020385,0.02065,0.020915,0.02118,0.021444,0.021709,0.021974,0.022238,0.022503,0.022768,0.023033,0.023297,0.023562,0.023827,0.024092,0.024356,0.024621,0.024886,0.025151,0.025415,0.02568,0.025945,0.02621,0.026474
4.9,0.00026472,0.00052944,0.00079416,0.0010589,0.0013236,0.0015883,0.001853,0.0021178,0.0023825,0.0026472,0.0029119,0.0031767,0.0034414,0.0037061,0.0039708,0.0042355,0.0045003,0.004765,0.0050297,0.0052944,0.0055591,0.0058239,0.0060886,0.0063533,0.006618,0.0068828,0.0071475,0.0074122,0.0076769,0.0079416,0.0082064,0.0084711,0.0087358,0.0090005,0.0092652,0.00953,0.0097947,0.010059,0.010324,0.010589,0.010854,0.011118,0.011383,0.011648,0.011912,0.012177,0.012442,0.012707,0.012971,0.013236,0.013501,0.013766,0.01403,0.014295,0.01456,0.014824,0.015089,0.015354,0.015619,0.015883,0.016148,0.016413,0.016677,0.016942,0.017207,0.017472,0.017736,0.018001,0.018266,0.01853,0.018795,0.01906,0.019325,0.019589,0.019854,0.020119,0.020384,0.020648,0.020913,0.021178,0.021442,0.021707,0.021972,0.022237,0.022501,0.022766,0.023031,0.023295,0.02356,0.023825,0.02409,0.024354,0.024619,0.024884,0.025149,0.025413,0.025678,0.025943,0.026207,0.026472
5,0.0002647,0.0005294,0.0007941,0.0010588,0.0013235,0.0015882,0.0018529,0.0021176,0.0023823,0.002647,0.0029117,0.0031764,0.0034411,0.0037058,0.0039705,0.0042352,0.0044999,0.0047646,0.0050293,0.005294,0.0055587,0.0058234,0.0060881,0.0063528,0.0066175,0.0068822,0.0071469,0.0074116,0.0076763,0.007941,0.0082057,0.0084704,0.0087351,0.0089998,0.0092645,0.0095292,0.0097939,0.010059,0.010323,0.010588,0.010853,0.011117,0.011382,0.011647,0.011911,0.012176,0.012441,0.012706,0.01297,0.013235,0.0135,0.013764,0.014029,0.014294,0.014558,0.014823,0.015088,0.015353,0.015617,0.015882,0.016147,0.016411,0.016676,0.016941,0.017205,0.01747,0.017735,0.018,0.018264,0.018529,0.018794,0.019058,0.019323,0.019588,0.019852,0.020117,0.020382,0.020647,0.020911,0.021176,0.021441,0.021705,0.02197,0.022235,0.022499,0.022764,0.023029,0.023294,0.023558,0.023823,0.024088,0.024352,0.024617,0.024882,0.025146,0.025411,0.025676,0.025941,0.026205,0.02647
5.1,0.00026468,0.00052936,0.00079404,0.0010587,0.0013234,0.0015881,0.0018528,0.0021174,0.0023821,0.0026468,0.0029115,0.0031761,0.0034408,0.0037055,0.0039702,0.0042349,0.0044995,0.0047642,0.0050289,0.0052936,0.0055583,0.0058229,0.0060876,0.0063523,0.006617,0.0068816,0.0071463,0.007411,0.0076757,0.0079404,0.008205,0.0084697,0.0087344,0.0089991,0.0092638,0.0095284,0.0097931,0.010058,0.010322,0.010587,0.010852,0.011117,0.011381,0.011646,0.011911,0.012175,0.01244,0.012705,0.012969,0.013234,0.013499,0.013763,0.014028,0.014293,0.014557,0.014822,0.015087,0.015351,0.015616,0.015881,0.016145,0.01641,0.016675,0.016939,0.017204,0.017469,0.017733,0.017998,0.018263,0.018528,0.018792,0.019057,0.019322,0.019586,0.019851,0.020116,0.02038,0.020645,0.02091,0.021174,0.021439,0.021704,0.021968,0.022233,0.022498,0.022762,0.023027,0.023292,0.023556,0.023821,0.024086,0.02435,0.024615,0.02488,0.025144,0.025409,0.025674,0.025939,0.026203,0.026468
5.2,0.00026466,0.00052932,0.00079398,0.0010586,0.0013233,0.001588,0.0018526,0.0021173,0.0023819,0.0026466,0.0029112,0.0031759,0.0034406,0.0037052,0.0039699,0.0042345,0.0044992,0.0047639,0.0050285,0.0052932,0.0055578,0.0058225,0.0060872,0.0063518,0.0066165,0.0068811,0.0071458,0.0074104,0.0076751,0.0079398,0.0082044,0.0084691,0.0087337,0.0089984,0.0092631,0.0095277,0.0097924,0.010057,0.010322,0.010586,0.010851,0.011116,0.01138,0.011645,0.01191,0.012174,0.012439,0.012704,0.012968,0.013233,0.013498,0.013762,0.014027,0.014292,0.014556,0.014821,0.015086,0.01535,0.015615,0.01588,0.016144,0.016409,0.016673,0.016938,0.017203,0.017467,0.017732,0.017997,0.018261,0.018526,0.018791,0.019055,0.01932,0.019585,0.019849,0.020114,0.020379,0.020643,0.020908,0.021173,0.021437,0.021702,0.021967,0.022231,0.022496,0.022761,0.023025,0.02329,0.023555,0.023819,0.024084,0.024349,0.024613,0.024878,0.025143,0.025407,0.025672,0.025937,0.026201,0.026466
5.3,0.00026464,0.00052928,0.00079392,0.0010586,0.0013232,0.0015878,0.0018525,0.0021171,0.0023818,0.0026464,0.002911,0.0031757,0.0034403,0.003705,0.0039696,0.0042342,0.0044989,0.0047635,0.0050281,0.0052928,0.0055574,0.0058221,0.0060867,0.0063513,0.006616,0.0068806,0.0071453,0.0074099,0.0076745,0.0079392,0.0082038,0.0084685,0.0087331,0.0089977,0.0092624,0.009527,0.0097917,0.010056,0.010321,0.010586,0.01085,0.011115,0.011379,0.011644,0.011909,0.012173,0.012438,0.012703,0.012967,0.013232,0.013497,0.013761,0.014026,0.014291,0.014555,0.01482,0.015084,0.015349,0.015614,0.015878,0.016143,0.016408,0.016672,0.016937,0.017202,0.017466,0.017731,0.017995,0.01826,0.018525,0.018789,0.019054,0.019319,0.019583,0.019848,0.020113,0.020377,0.020642,0.020907,0.021171,0.021436,0.0217,0.021965,0.02223,0.022494,0.022759,0.023024,0.023288,0.023553,0.023818,0.024082,0.024347,0.024611,0.024876,0.025141,0.025405,0.02567,0.025935,0.026199,0.026464
5.4,0.00026462,0.00052924,0.00079386,0.0010585,0.0013231,0.0015877,0.0018523,0.002117,0.0023816,0.0026462,0.0029108,0.0031755,0.0034401,0.0037047,0.0039693,0.0042339,0.0044986,0.0047632,0.0050278,0.0052924,0.005557,0.0058217,0.0060863,0.0063509,0.0066155,0.0068801,0.0071448,0.0074094,0.007674,0.0079386,0.0082032,0.0084679,0.0087325,0.0089971,0.0092617,0.0095264,0.009791,0.010056,0.01032,0.010585,0.010849,0.011114,0.011379,0.011643,0.011908,0.012173,0.012437,0.012702,0.012966,0.013231,0.013496,0.01376,0.014025,0.01429,0.014554,0.014819,0.015083,0.015348,0.015613,0.015877,0.016142,0.016406,0.016671,0.016936,0.0172,0.017465,0.01773,0.017994,0.018259,0.018523,0.018788,0.019053,0.019317,0.019582,0.019847,0.020111,0.020376,0.02064,0.020905,0.02117,0.021434,0.021699,0.021964,0.022228,0.022493,0.022757,0.023022,0.023287,0.023551,0.023816,0.02408,0.024345,0.02461,0.024874,0.025139,0.025404,0.025668,0.025933,0.026197,0.026462
5.5,0.0002646,0.00052921,0.00079381,0.0010584,0.001323,0.0015876,0.0018522,0.0021168,0.0023814,0.002646,0.0029106,0.0031752,0.0034398,0.0037044,0.003969,0.0042336,0.0044983,0.0047629,0.0050275,0.0052921,0.0055567,0.0058213,0.0060859,0.0063505,0.0066151,0.0068797,0.0071443,0.0074089,0.0076735,0.0079381,0.0082027,0.0084673,0.0087319,0.0089965,0.0092611,0.0095257,0.0097903,0.010055,0.01032,0.010584,0.010849,0.011113,0.011378,0.011643,0.011907,0.012172,0.012436,0.012701,0.012966,0.01323,0.013495,0.013759,0.014024,0.014289,0.014553,0.014818,0.015082,0.015347,0.015612,0.015876,0.016141,0.016405,0.01667,0.016935,0.017199,0.017464,0.017728,0.017993,0.018258,0.018522,0.018787,0.019051,0.019316,0.019581,0.019845,0.02011,0.020374,0.020639,0.020904,0.021168,0.021433,0.021697,0.021962,0.022227,0.022491,0.022756,0.02302,0.023285,0.02355,0.023814,0.024079,0.024343,0.024608,0.024873,0.025137,0.025402,0.025666,0.025931,0.026196,0.02646
5.6,0.00026459,0.00052917,0.00079376,0.0010583,0.0013229,0.0015875,0.0018521,0.0021167,0.0023813,0.0026459,0.0029104,0.003175,0.0034396,0.0037042,0.0039688,0.0042334,0.004498,0.0047625,0.0050271,0.0052917,0.0055563,0.0058209,0.0060855,0.0063501,0.0066146,0.0068792,0.0071438,0.0074084,0.007673,0.0079376,0.0082022,0.0084667,0.0087313,0.0089959,0.0092605,0.0095251,0.0097897,0.010054,0.010319,0.010583,0.010848,0.011113,0.011377,0.011642,0.011906,0.012171,0.012436,0.0127,0.012965,0.013229,0.013494,0.013758,0.014023,0.014288,0.014552,0.014817,0.015081,0.015346,0.015611,0.015875,0.01614,0.016404,0.016669,0.016933,0.017198,0.017463,0.017727,0.017992,0.018256,0.018521,0.018786,0.01905,0.019315,0.019579,0.019844,0.020109,0.020373,0.020638,0.020902,0.021167,0.021431,0.021696,0.021961,0.022225,0.02249,0.022754,0.023019,0.023284,0.023548,0.023813,0.024077,0.024342,0.024606,0.024871,0.025136,0.0254,0.025665,0.025929,0.026194,0.026459
5.7,0.00026457,0.00052914,0.00079371,0.0010583,0.0013228,0.0015874,0.001852,0.0021166,0.0023811,0.0026457,0.0029103,0.0031748,0.0034394,0.003704,0.0039685,0.0042331,0.0044977,0.0047622,0.0050268,0.0052914,0.005556,0.0058205,0.0060851,0.0063497,0.0066142,0.0068788,0.0071434,0.0074079,0.0076725,0.0079371,0.0082016,0.0084662,0.0087308,0.0089953,0.0092599,0.0095245,0.0097891,0.010054,0.010318,0.010583,0.010847,0.011112,0.011376,0.011641,0.011906,0.01217,0.012435,0.012699,0.012964,0.013228,0.013493,0.013758,0.014022,0.014287,0.014551,0.014816,0.01508,0.015345,0.01561,0.015874,0.016139,0.016403,0.016668,0.016932,0.017197,0.017462,0.017726,0.017991,0.018255,0.01852,0.018784,0.019049,0.019314,0.019578,0.019843,0.020107,0.020372,0.020636,0.020901,0.021166,0.02143,0.021695,0.021959,0.022224,0.022488,0.022753,0.023018,0.023282,0.023547,0.023811,0.024076,0.02434,0.024605,0.024869,0.025134,0.025399,0.025663,0.025928,0.026192,0.026457
5.8,0.00026455,0.00052911,0.00079366,0.0010582,0.0013228,0.0015873,0.0018519,0.0021164,0.002381,0.0026455,0.0029101,0.0031746,0.0034392,0.0037037,0.0039683,0.0042328,0.0044974,0.004762,0.0050265,0.0052911,0.0055556,0.0058202,0.0060847,0.0063493,0.0066138,0.0068784,0.0071429,0.0074075,0.007672,0.0079366,0.0082011,0.0084657,0.0087303,0.0089948,0.0092594,0.0095239,0.0097885,0.010053,0.010318,0.010582,0.010847,0.011111,0.011376,0.01164,0.011905,0.012169,0.012434,0.012699,0.012963,0.013228,0.013492,0.013757,0.014021,0.014286,0.01455,0.014815,0.01508,0.015344,0.015609,0.015873,0.016138,0.016402,0.016667,0.016931,0.017196,0.017461,0.017725,0.01799,0.018254,0.018519,0.018783,0.019048,0.019312,0.019577,0.019841,0.020106,0.020371,0.020635,0.0209,0.021164,0.021429,0.021693,0.021958,0.022222,0.022487,0.022752,0.023016,0.023281,0.023545,0.02381,0.024074,0.024339,0.024603,0.024868,0.025133,0.025397,0.025662,0.025926,0.026191,0.026455
5.9,0.00026454,0.00052908,0.00079361,0.0010582,0.0013227,0.0015872,0.0018518,0.0021163,0.0023808,0.0026454,0.0029099,0.0031745,0.003439,0.0037035,0.0039681,0.0042326,0.0044971,0.0047617,0.0050262,0.0052908,0.0055553,0.0058198,0.0060844,0.0063489,0.0066134,0.006878,0.0071425,0.0074071,0.0076716,0.0079361,0.0082007,0.0084652,0.0087297,0.0089943,0.0092588,0.0095234,0.0097879,0.010052,0.010317,0.010582,0.010846,0.011111,0.011375,0.01164,0.011904,0.012169,0.012433,0.012698,0.012962,0.013227,0.013491,0.013756,0.01402,0.014285,0.01455,0.014814,0.015079,0.015343,0.015608,0.015872,0.016137,0.016401,0.016666,0.01693,0.017195,0.017459,0.017724,0.017989,0.018253,0.018518,0.018782,0.019047,0.019311,0.019576,0.01984,0.020105,0.020369,0.020634,0.020898,0.021163,0.021428,0.021692,0.021957,0.022221,0.022486,0.02275,0.023015,0.023279,0.023544,0.023808,0.024073,0.024337,0.024602,0.024867,0.025131,0.025396,0.02566,0.025925,0.026189,0.026454
6,0.00026452,0.00052905,0.00079357,0.0010581,0.0013226,0.0015871,0.0018517,0.0021162,0.0023807,0.0026452,0.0029097,0.0031743,0.0034388,0.0037033,0.0039678,0.0042324,0.0044969,0.0047614,0.0050259,0.0052905,0.005555,0.0058195,0.006084,0.0063485,0.0066131,0.0068776,0.0071421,0.0074066,0.0076712,0.0079357,0.0082002,0.0084647,0.0087292,0.0089938,0.0092583,0.0095228,0.0097873,0.010052,0.010316,0.010581,0.010845,0.01111,0.011374,0.011639,0.011904,0.012168,0.012433,0.012697,0.012962,0.013226,0.013491,0.013755,0.01402,0.014284,0.014549,0.014813,0.015078,0.015342,0.015607,0.015871,0.016136,0.0164,0.016665,0.016929,0.017194,0.017458,0.017723,0.017988,0.018252,0.018517,0.018781,0.019046,0.01931,0.019575,0.019839,0.020104,0.020368,0.020633,0.020897,0.021162,0.021426,0.021691,0.021955,0.02222,0.022484,0.022749,0.023013,0.023278,0.023543,0.023807,0.024072,0.024336,0.024601,0.024865,0.02513,0.025394,0.025659,0.025923,0.026188,0.026452
6.1,0.00026451,0.00052902,0.00079352,0.001058,0.0013225,0.001587,0.0018516,0.0021161,0.0023806,0.0026451,0.0029096,0.0031741,0.0034386,0.0037031,0.0039676,0.0042321,0.0044966,0.0047611,0.0050257,0.0052902,0.0055547,0.0058192,0.0060837,0.0063482,0.0066127,0.0068772,0.0071417,0.0074062,0.0076707,0.0079352,0.0081997,0.0084643,0.0087288,0.0089933,0.0092578,0.0095223,0.0097868,0.010051,0.010316,0.01058,0.010845,0.011109,0.011374,0.011638,0.011903,0.012167,0.012432,0.012696,0.012961,0.013225,0.01349,0.013754,0.014019,0.014283,0.014548,0.014812,0.015077,0.015341,0.015606,0.01587,0.016135,0.016399,0.016664,0.016929,0.017193,0.017458,0.017722,0.017987,0.018251,0.018516,0.01878,0.019045,0.019309,0.019574,0.019838,0.020103,0.020367,0.020632,0.020896,0.021161,0.021425,0.02169,0.021954,0.022219,0.022483,0.022748,0.023012,0.023277,0.023541,0.023806,0.02407,0.024335,0.024599,0.024864,0.025128,0.025393,0.025657,0.025922,0.026186,0.026451
6.2,0.00026449,0.00052899,0.00079348,0.001058,0.0013225,0.001587,0.0018515,0.002116,0.0023804,0.0026449,0.0029094,0.0031739,0.0034384,0.0037029,0.0039674,0.0042319,0.0044964,0.0047609,0.0050254,0.0052899,0.0055544,0.0058189,0.0060834,0.0063479,0.0066123,0.0068768,0.0071413,0.0074058,0.0076703,0.0079348,0.0081993,0.0084638,0.0087283,0.0089928,0.0092573,0.0095218,0.0097863,0.010051,0.010315,0.01058,0.010844,0.011109,0.011373,0.011638,0.011902,0.012167,0.012431,0.012696,0.01296,0.013225,0.013489,0.013754,0.014018,0.014283,0.014547,0.014812,0.015076,0.015341,0.015605,0.01587,0.016134,0.016399,0.016663,0.016928,0.017192,0.017457,0.017721,0.017986,0.01825,0.018515,0.018779,0.019044,0.019308,0.019573,0.019837,0.020102,0.020366,0.020631,0.020895,0.02116,0.021424,0.021689,0.021953,0.022217,0.022482,0.022746,0.023011,0.023275,0.02354,0.023804,0.024069,0.024333,0.024598,0.024862,0.025127,0.025391,0.025656,0.02592,0.026185,0.026449
6.3,0.00026448,0.00052896,0.00079344,0.0010579,0.0013224,0.0015869,0.0018514,0.0021158,0.0023803,0.0026448,0.0029093,0.0031738,0.0034382,0.0037027,0.0039672,0.0042317,0.0044962,0.0047606,0.0050251,0.0052896,0.0055541,0.0058186,0.006083,0.0063475,0.006612,0.0068765,0.007141,0.0074055,0.0076699,0.0079344,0.0081989,0.0084634,0.0087279,0.0089923,0.0092568,0.0095213,0.0097858,0.01005,0.010315,0.010579,0.010844,0.011108,0.011373,0.011637,0.011902,0.012166,0.012431,0.012695,0.01296,0.013224,0.013489,0.013753,0.014017,0.014282,0.014546,0.014811,0.015075,0.01534,0.015604,0.015869,0.016133,0.016398,0.016662,0.016927,0.017191,0.017456,0.01772,0.017985,0.018249,0.018514,0.018778,0.019043,0.019307,0.019572,0.019836,0.020101,0.020365,0.020629,0.020894,0.021158,0.021423,0.021687,0.021952,0.022216,0.022481,0.022745,0.02301,0.023274,0.023539,0.023803,0.024068,0.024332,0.024597,0.024861,0.025126,0.02539,0.025655,0.025919,0.026184,0.026448
6.4,0.00026447,0.00052893,0.0007934,0.0010579,0.0013223,0.0015868,0.0018513,0.0021157,0.0023802,0.0026447,0.0029091,0.0031736,0.0034381,0.0037025,0.003967,0.0042315,0.0044959,0.0047604,0.0050249,0.0052893,0.0055538,0.0058183,0.0060827,0.0063472,0.0066117,0.0068761,0.0071406,0.0074051,0.0076695,0.007934,0.0081985,0.008463,0.0087274,0.0089919,0.0092564,0.0095208,0.0097853,0.01005,0.010314,0.010579,0.010843,0.011108,0.011372,0.011637,0.011901,0.012165,0.01243,0.012694,0.012959,0.013223,0.013488,0.013752,0.014017,0.014281,0.014546,0.01481,0.015075,0.015339,0.015604,0.015868,0.016133,0.016397,0.016661,0.016926,0.01719,0.017455,0.017719,0.017984,0.018248,0.018513,0.018777,0.019042,0.019306,0.019571,0.019835,0.0201,0.020364,0.020628,0.020893,0.021157,0.021422,0.021686,0.021951,0.022215,0.02248,0.022744,0.023009,0.023273,0.023538,0.023802,0.024067,0.024331,0.024595,0.02486,0.025124,0.025389,0.025653,0.025918,0.026182,0.026447
6.5,0.00026445,0.00052891,0.00079336,0.0010578,0.0013223,0.0015867,0.0018512,0.0021156,0.0023801,0.0026445,0.002909,0.0031735,0.0034379,0.0037024,0.0039668,0.0042313,0.0044957,0.0047602,0.0050246,0.0052891,0.0055535,0.005818,0.0060825,0.0063469,0.0066114,0.0068758,0.0071403,0.0074047,0.0076692,0.0079336,0.0081981,0.0084625,0.008727,0.0089915,0.0092559,0.0095204,0.0097848,0.010049,0.010314,0.010578,0.010843,0.011107,0.011372,0.011636,0.0119,0.012165,0.012429,0.012694,0.012958,0.013223,0.013487,0.013752,0.014016,0.014281,0.014545,0.014809,0.015074,0.015338,0.015603,0.015867,0.016132,0.016396,0.016661,0.016925,0.01719,0.017454,0.017718,0.017983,0.018247,0.018512,0.018776,0.019041,0.019305,0.01957,0.019834,0.020099,0.020363,0.020627,0.020892,0.021156,0.021421,0.021685,0.02195,0.022214,0.022479,0.022743,0.023008,0.023272,0.023536,0.023801,0.024065,0.02433,0.024594,0.024859,0.025123,0.025388,0.025652,0.025917,0.026181,0.026445
6.6,0.00026444,0.00052888,0.00079333,0.0010578,0.0013222,0.0015867,0.0018511,0.0021155,0.00238,0.0026444,0.0029089,0.0031733,0.0034377,0.0037022,0.0039666,0.0042311,0.0044955,0.00476,0.0050244,0.0052888,0.0055533,0.0058177,0.0060822,0.0063466,0.0066111,0.0068755,0.0071399,0.0074044,0.0076688,0.0079333,0.0081977,0.0084621,0.0087266,0.008991,0.0092555,0.0095199,0.0097844,0.010049,0.010313,0.010578,0.010842,0.011107,0.011371,0.011635,0.0119,0.012164,0.012429,0.012693,0.012958,0.013222,0.013487,0.013751,0.014015,0.01428,0.014544,0.014809,0.015073,0.015338,0.015602,0.015867,0.016131,0.016395,0.01666,0.016924,0.017189,0.017453,0.017718,0.017982,0.018247,0.018511,0.018775,0.01904,0.019304,0.019569,0.019833,0.020098,0.020362,0.020626,0.020891,0.021155,0.02142,0.021684,0.021949,0.022213,0.022478,0.022742,0.023006,0.023271,0.023535,0.0238,0.024064,0.024329,0.024593,0.024858,0.025122,0.025386,0.025651,0.025915,0.02618,0.026444
6.7,0.00026443,0.00052886,0.00079329,0.0010577,0.0013222,0.0015866,0.001851,0.0021154,0.0023799,0.0026443,0.0029087,0.0031732,0.0034376,0.003702,0.0039665,0.0042309,0.0044953,0.0047597,0.0050242,0.0052886,0.005553,0.0058175,0.0060819,0.0063463,0.0066108,0.0068752,0.0071396,0.007404,0.0076685,0.0079329,0.0081973,0.0084618,0.0087262,0.0089906,0.0092551,0.0095195,0.0097839,0.010048,0.010313,0.010577,0.010842,0.011106,0.01137,0.011635,0.011899,0.012164,0.012428,0.012693,0.012957,0.013222,0.013486,0.01375,0.014015,0.014279,0.014544,0.014808,0.015073,0.015337,0.015601,0.015866,0.01613,0.016395,0.016659,0.016924,0.017188,0.017452,0.017717,0.017981,0.018246,0.01851,0.018775,0.019039,0.019303,0.019568,0.019832,0.020097,0.020361,0.020626,0.02089,0.021154,0.021419,0.021683,0.021948,0.022212,0.022477,0.022741,0.023005,0.02327,0.023534,0.023799,0.024063,0.024328,0.024592,0.024856,0.025121,0.025385,0.02565,0.025914,0.026179,0.026443
6.8,0.00026442,0.00052884,0.00079326,0.0010577,0.0013221,0.0015865,0.0018509,0.0021153,0.0023798,0.0026442,0.0029086,0.003173,0.0034374,0.0037019,0.0039663,0.0042307,0.0044951,0.0047595,0.005024,0.0052884,0.0055528,0.0058172,0.0060816,0.006346,0.0066105,0.0068749,0.0071393,0.0074037,0.0076681,0.0079326,0.008197,0.0084614,0.0087258,0.0089902,0.0092546,0.0095191,0.0097835,0.010048,0.010312,0.010577,0.010841,0.011106,0.01137,0.011634,0.011899,0.012163,0.012428,0.012692,0.012957,0.013221,0.013485,0.01375,0.014014,0.014279,0.014543,0.014807,0.015072,0.015336,0.015601,0.015865,0.01613,0.016394,0.016658,0.016923,0.017187,0.017452,0.017716,0.01798,0.018245,0.018509,0.018774,0.019038,0.019303,0.019567,0.019831,0.020096,0.02036,0.020625,0.020889,0.021153,0.021418,0.021682,0.021947,0.022211,0.022476,0.02274,0.023004,0.023269,0.023533,0.023798,0.024062,0.024327,0.024591,0.024855,0.02512,0.025384,0.025649,0.025913,0.026177,0.026442
6.9,0.00026441,0.00052881,0.00079322,0.0010576,0.001322,0.0015864,0.0018509,0.0021153,0.0023797,0.0026441,0.0029085,0.0031729,0.0034373,0.0037017,0.0039661,0.0042305,0.0044949,0.0047593,0.0050237,0.0052881,0.0055526,0.005817,0.0060814,0.0063458,0.0066102,0.0068746,0.007139,0.0074034,0.0076678,0.0079322,0.0081966,0.008461,0.0087254,0.0089898,0.0092543,0.0095187,0.0097831,0.010047,0.010312,0.010576,0.010841,0.011105,0.01137,0.011634,0.011898,0.012163,0.012427,0.012692,0.012956,0.01322,0.013485,0.013749,0.014014,0.014278,0.014542,0.014807,0.015071,0.015336,0.0156,0.015864,0.016129,0.016393,0.016658,0.016922,0.017186,0.017451,0.017715,0.01798,0.018244,0.018509,0.018773,0.019037,0.019302,0.019566,0.019831,0.020095,0.020359,0.020624,0.020888,0.021153,0.021417,0.021681,0.021946,0.02221,0.022475,0.022739,0.023003,0.023268,0.023532,0.023797,0.024061,0.024325,0.02459,0.024854,0.025119,0.025383,0.025647,0.025912,0.026176,0.026441
7,0.0002644,0.00052879,0.00079319,0.0010576,0.001322,0.0015864,0.0018508,0.0021152,0.0023796,0.002644,0.0029084,0.0031728,0.0034372,0.0037015,0.0039659,0.0042303,0.0044947,0.0047591,0.0050235,0.0052879,0.0055523,0.0058167,0.0060811,0.0063455,0.0066099,0.0068743,0.0071387,0.0074031,0.0076675,0.0079319,0.0081963,0.0084607,0.0087251,0.0089895,0.0092539,0.0095183,0.0097827,0.010047,0.010311,0.010576,0.01084,0.011105,0.011369,0.011633,0.011898,0.012162,0.012427,0.012691,0.012955,0.01322,0.013484,0.013749,0.014013,0.014277,0.014542,0.014806,0.015071,0.015335,0.015599,0.015864,0.016128,0.016393,0.016657,0.016921,0.017186,0.01745,0.017715,0.017979,0.018243,0.018508,0.018772,0.019037,0.019301,0.019565,0.01983,0.020094,0.020359,0.020623,0.020887,0.021152,0.021416,0.02168,0.021945,0.022209,0.022474,0.022738,0.023002,0.023267,0.023531,0.023796,0.02406,0.024324,0.024589,0.024853,0.025118,0.025382,0.025646,0.025911,0.026175,0.02644
7.1,0.00026439,0.00052877,0.00079316,0.0010575,0.0013219,0.0015863,0.0018507,0.0021151,0.0023795,0.0026439,0.0029082,0.0031726,0.003437,0.0037014,0.0039658,0.0042302,0.0044946,0.0047589,0.0050233,0.0052877,0.0055521,0.0058165,0.0060809,0.0063453,0.0066096,0.006874,0.0071384,0.0074028,0.0076672,0.0079316,0.008196,0.0084603,0.0087247,0.0089891,0.0092535,0.0095179,0.0097823,0.010047,0.010311,0.010575,0.01084,0.011104,0.011369,0.011633,0.011897,0.012162,0.012426,0.012691,0.012955,0.013219,0.013484,0.013748,0.014012,0.014277,0.014541,0.014806,0.01507,0.015334,0.015599,0.015863,0.016128,0.016392,0.016656,0.016921,0.017185,0.017449,0.017714,0.017978,0.018243,0.018507,0.018771,0.019036,0.0193,0.019565,0.019829,0.020093,0.020358,0.020622,0.020886,0.021151,0.021415,0.02168,0.021944,0.022208,0.022473,0.022737,0.023002,0.023266,0.02353,0.023795,0.024059,0.024323,0.024588,0.024852,0.025117,0.025381,0.025645,0.02591,0.026174,0.026439
7.2,0.00026438,0.00052875,0.00079313,0.0010575,0.0013219,0.0015863,0.0018506,0.002115,0.0023794,0.0026438,0.0029081,0.0031725,0.0034369,0.0037013,0.0039656,0.00423,0.0044944,0.0047588,0.0050231,0.0052875,0.0055519,0.0058163,0.0060806,0.006345,0.0066094,0.0068738,0.0071381,0.0074025,0.0076669,0.0079313,0.0081956,0.00846,0.0087244,0.0089888,0.0092531,0.0095175,0.0097819,0.010046,0.010311,0.010575,0.010839,0.011104,0.011368,0.011633,0.011897,0.012161,0.012426,0.01269,0.012954,0.013219,0.013483,0.013748,0.014012,0.014276,0.014541,0.014805,0.015069,0.015334,0.015598,0.015863,0.016127,0.016391,0.016656,0.01692,0.017184,0.017449,0.017713,0.017978,0.018242,0.018506,0.018771,0.019035,0.019299,0.019564,0.019828,0.020093,0.020357,0.020621,0.020886,0.02115,0.021414,0.021679,0.021943,0.022208,0.022472,0.022736,0.023001,0.023265,0.023529,0.023794,0.024058,0.024323,0.024587,0.024851,0.025116,0.02538,0.025644,0.025909,0.026173,0.026438
7.3,0.00026437,0.00052873,0.0007931,0.0010575,0.0013218,0.0015862,0.0018506,0.0021149,0.0023793,0.0026437,0.002908,0.0031724,0.0034367,0.0037011,0.0039655,0.0042298,0.0044942,0.0047586,0.0050229,0.0052873,0.0055517,0.005816,0.0060804,0.0063448,0.0066091,0.0068735,0.0071379,0.0074022,0.0076666,0.007931,0.0081953,0.0084597,0.008724,0.0089884,0.0092528,0.0095171,0.0097815,0.010046,0.01031,0.010575,0.010839,0.011103,0.011368,0.011632,0.011896,0.012161,0.012425,0.01269,0.012954,0.013218,0.013483,0.013747,0.014011,0.014276,0.01454,0.014804,0.015069,0.015333,0.015598,0.015862,0.016126,0.016391,0.016655,0.016919,0.017184,0.017448,0.017712,0.017977,0.018241,0.018506,0.01877,0.019034,0.019299,0.019563,0.019827,0.020092,0.020356,0.02062,0.020885,0.021149,0.021414,0.021678,0.021942,0.022207,0.022471,0.022735,0.023,0.023264,0.023528,0.023793,0.024057,0.024322,0.024586,0.02485,0.025115,0.025379,0.025643,0.025908,0.026172,0.026437
7.4,0.00026436,0.00052871,0.00079307,0.0010574,0.0013218,0.0015861,0.0018505,0.0021148,0.0023792,0.0026436,0.0029079,0.0031723,0.0034366,0.003701,0.0039653,0.0042297,0.004494,0.0047584,0.0050227,0.0052871,0.0055515,0.0058158,0.0060802,0.0063445,0.0066089,0.0068732,0.0071376,0.0074019,0.0076663,0.0079307,0.008195,0.0084594,0.0087237,0.0089881,0.0092524,0.0095168,0.0097811,0.010045,0.01031,0.010574,0.010839,0.011103,0.011367,0.011632,0.011896,0.01216,0.012425,0.012689,0.012953,0.013218,0.013482,0.013746,0.014011,0.014275,0.01454,0.014804,0.015068,0.015333,0.015597,0.015861,0.016126,0.01639,0.016654,0.016919,0.017183,0.017447,0.017712,0.017976,0.018241,0.018505,0.018769,0.019034,0.019298,0.019562,0.019827,0.020091,0.020355,0.02062,0.020884,0.021148,0.021413,0.021677,0.021941,0.022206,0.02247,0.022735,0.022999,0.023263,0.023528,0.023792,0.024056,0.024321,0.024585,0.024849,0.025114,0.025378,0.025642,0.025907,0.026171,0.026436
7.5,0.00026435,0.00052869,0.00079304,0.0010574,0.0013217,0.0015861,0.0018504,0.0021148,0.0023791,0.0026435,0.0029078,0.0031721,0.0034365,0.0037008,0.0039652,0.0042295,0.0044939,0.0047582,0.0050226,0.0052869,0.0055513,0.0058156,0.00608,0.0063443,0.0066086,0.006873,0.0071373,0.0074017,0.007666,0.0079304,0.0081947,0.0084591,0.0087234,0.0089878,0.0092521,0.0095164,0.0097808,0.010045,0.010309,0.010574,0.010838,0.011103,0.011367,0.011631,0.011896,0.01216,0.012424,0.012689,0.012953,0.013217,0.013482,0.013746,0.01401,0.014275,0.014539,0.014803,0.015068,0.015332,0.015596,0.015861,0.016125,0.016389,0.016654,0.016918,0.017182,0.017447,0.017711,0.017976,0.01824,0.018504,0.018769,0.019033,0.019297,0.019562,0.019826,0.02009,0.020355,0.020619,0.020883,0.021148,0.021412,0.021676,0.021941,0.022205,0.022469,0.022734,0.022998,0.023262,0.023527,0.023791,0.024055,0.02432,0.024584,0.024848,0.025113,0.025377,0.025642,0.025906,0.02617,0.026435
7.6,0.00026434,0.00052867,0.00079301,0.0010573,0.0013217,0.001586,0.0018504,0.0021147,0.002379,0.0026434,0.0029077,0.003172,0.0034364,0.0037007,0.003965,0.0042294,0.0044937,0.0047581,0.0050224,0.0052867,0.0055511,0.0058154,0.0060797,0.0063441,0.0066084,0.0068727,0.0071371,0.0074014,0.0076658,0.0079301,0.0081944,0.0084588,0.0087231,0.0089874,0.0092518,0.0095161,0.0097804,0.010045,0.010309,0.010573,0.010838,0.011102,0.011366,0.011631,0.011895,0.012159,0.012424,0.012688,0.012952,0.013217,0.013481,0.013745,0.01401,0.014274,0.014539,0.014803,0.015067,0.015332,0.015596,0.01586,0.016125,0.016389,0.016653,0.016918,0.017182,0.017446,0.017711,0.017975,0.018239,0.018504,0.018768,0.019032,0.019297,0.019561,0.019825,0.02009,0.020354,0.020618,0.020883,0.021147,0.021411,0.021676,0.02194,0.022204,0.022469,0.022733,0.022997,0.023262,0.023526,0.02379,0.024055,0.024319,0.024583,0.024848,0.025112,0.025376,0.025641,0.025905,0.026169,0.026434
7.7,0.00026433,0.00052865,0.00079298,0.0010573,0.0013216,0.001586,0.0018503,0.0021146,0.0023789,0.0026433,0.0029076,0.0031719,0.0034363,0.0037006,0.0039649,0.0042292,0.0044936,0.0047579,0.0050222,0.0052865,0.0055509,0.0058152,0.0060795,0.0063439,0.0066082,0.0068725,0.0071368,0.0074012,0.0076655,0.0079298,0.0081941,0.0084585,0.0087228,0.0089871,0.0092515,0.0095158,0.0097801,0.010044,0.010309,0.010573,0.010837,0.011102,0.011366,0.01163,0.011895,0.012159,0.012423,0.012688,0.012952,0.013216,0.013481,0.013745,0.014009,0.014274,0.014538,0.014802,0.015067,0.015331,0.015595,0.01586,0.016124,0.016388,0.016653,0.016917,0.017181,0.017446,0.01771,0.017974,0.018239,0.018503,0.018767,0.019032,0.019296,0.01956,0.019825,0.020089,0.020353,0.020618,0.020882,0.021146,0.021411,0.021675,0.021939,0.022203,0.022468,0.022732,0.022996,0.023261,0.023525,0.023789,0.024054,0.024318,0.024582,0.024847,0.025111,0.025375,0.02564,0.025904,0.026168,0.026433
7.8,0.00026432,0.00052864,0.00079296,0.0010573,0.0013216,0.0015859,0.0018502,0.0021145,0.0023789,0.0026432,0.0029075,0.0031718,0.0034361,0.0037005,0.0039648,0.0042291,0.0044934,0.0047577,0.0050221,0.0052864,0.0055507,0.005815,0.0060793,0.0063436,0.006608,0.0068723,0.0071366,0.0074009,0.0076652,0.0079296,0.0081939,0.0084582,0.0087225,0.0089868,0.0092511,0.0095155,0.0097798,0.010044,0.010308,0.010573,0.010837,0.011101,0.011366,0.01163,0.011894,0.012159,0.012423,0.012687,0.012952,0.013216,0.01348,0.013745,0.014009,0.014273,0.014538,0.014802,0.015066,0.01533,0.015595,0.015859,0.016123,0.016388,0.016652,0.016916,0.017181,0.017445,0.017709,0.017974,0.018238,0.018502,0.018767,0.019031,0.019295,0.01956,0.019824,0.020088,0.020353,0.020617,0.020881,0.021145,0.02141,0.021674,0.021938,0.022203,0.022467,0.022731,0.022996,0.02326,0.023524,0.023789,0.024053,0.024317,0.024582,0.024846,0.02511,0.025375,0.025639,0.025903,0.026168,0.026432
7.9,0.00026431,0.00052862,0.00079293,0.0010572,0.0013215,0.0015859,0.0018502,0.0021145,0.0023788,0.0026431,0.0029074,0.0031717,0.003436,0.0037003,0.0039646,0.004229,0.0044933,0.0047576,0.0050219,0.0052862,0.0055505,0.0058148,0.0060791,0.0063434,0.0066077,0.0068721,0.0071364,0.0074007,0.007665,0.0079293,0.0081936,0.0084579,0.0087222,0.0089865,0.0092508,0.0095152,0.0097795,0.010044,0.010308,0.010572,0.010837,0.011101,0.011365,0.01163,0.011894,0.012158,0.012423,0.012687,0.012951,0.013215,0.01348,0.013744,0.014008,0.014273,0.014537,0.014801,0.015066,0.01533,0.015594,0.015859,0.016123,0.016387,0.016652,0.016916,0.01718,0.017444,0.017709,0.017973,0.018237,0.018502,0.018766,0.01903,0.019295,0.019559,0.019823,0.020088,0.020352,0.020616,0.02088,0.021145,0.021409,0.021673,0.021938,0.022202,0.022466,0.022731,0.022995,0.023259,0.023524,0.023788,0.024052,0.024317,0.024581,0.024845,0.025109,0.025374,0.025638,0.025902,0.026167,0.026431
8,0.0002643,0.0005286,0.0007929,0.0010572,0.0013215,0.0015858,0.0018501,0.0021144,0.0023787,0.002643,0.0029073,0.0031716,0.0034359,0.0037002,0.0039645,0.0042288,0.0044931,0.0047574,0.0050217,0.005286,0.0055503,0.0058146,0.0060789,0.0063432,0.0066075,0.0068718,0.0071361,0.0074004,0.0076647,0.007929,0.0081933,0.0084576,0.008722,0.0089863,0.0092506,0.0095149,0.0097792,0.010043,0.010308,0.010572,0.010836,0.011101,0.011365,0.011629,0.011894,0.012158,0.012422,0.012686,0.012951,0.013215,0.013479,0.013744,0.014008,0.014272,0.014537,0.014801,0.015065,0.015329,0.015594,0.015858,0.016122,0.016387,0.016651,0.016915,0.01718,0.017444,0.017708,0.017973,0.018237,0.018501,0.018765,0.01903,0.019294,0.019558,0.019823,0.020087,0.020351,0.020616,0.02088,0.021144,0.021408,0.021673,0.021937,0.022201,0.022466,0.02273,0.022994,0.023259,0.023523,0.023787,0.024051,0.024316,0.02458,0.024844,0.025109,0.025373,0.025637,0.025902,0.026166,0.02643
8.1,0.00026429,0.00052859,0.00079288,0.0010572,0.0013215,0.0015858,0.0018501,0.0021143,0.0023786,0.0026429,0.0029072,0.0031715,0.0034358,0.0037001,0.0039644,0.0042287,0.004493,0.0047573,0.0050216,0.0052859,0.0055502,0.0058145,0.0060787,0.006343,0.0066073,0.0068716,0.0071359,0.0074002,0.0076645,0.0079288,0.0081931,0.0084574,0.0087217,0.008986,0.0092503,0.0095146,0.0097789,0.010043,0.010307,0.010572,0.010836,0.0111,0.011365,0.011629,0.011893,0.012157,0.012422,0.012686,0.01295,0.013215,0.013479,0.013743,0.014008,0.014272,0.014536,0.0148,0.015065,0.015329,0.015593,0.015858,0.016122,0.016386,0.01665,0.016915,0.017179,0.017443,0.017708,0.017972,0.018236,0.018501,0.018765,0.019029,0.019293,0.019558,0.019822,0.020086,0.020351,0.020615,0.020879,0.021143,0.021408,0.021672,0.021936,0.022201,0.022465,0.022729,0.022994,0.023258,0.023522,0.023786,0.024051,0.024315,0.024579,0.024844,0.025108,0.025372,0.025636,0.025901,0.026165,0.026429
8.2,0.00026429,0.00052857,0.00079286,0.0010571,0.0013214,0.0015857,0.00185,0.0021143,0.0023786,0.0026429,0.0029071,0.0031714,0.0034357,0.0037,0.0039643,0.0042286,0.0044929,0.0047571,0.0050214,0.0052857,0.00555,0.0058143,0.0060786,0.0063428,0.0066071,0.0068714,0.0071357,0.0074,0.0076643,0.0079286,0.0081928,0.0084571,0.0087214,0.0089857,0.00925,0.0095143,0.0097786,0.010043,0.010307,0.010571,0.010836,0.0111,0.011364,0.011629,0.011893,0.012157,0.012421,0.012686,0.01295,0.013214,0.013479,0.013743,0.014007,0.014271,0.014536,0.0148,0.015064,0.015329,0.015593,0.015857,0.016121,0.016386,0.01665,0.016914,0.017179,0.017443,0.017707,0.017971,0.018236,0.0185,0.018764,0.019029,0.019293,0.019557,0.019821,0.020086,0.02035,0.020614,0.020879,0.021143,0.021407,0.021671,0.021936,0.0222,0.022464,0.022729,0.022993,0.023257,0.023521,0.023786,0.02405,0.024314,0.024579,0.024843,0.025107,0.025371,0.025636,0.0259,0.026164,0.026429
8.3,0.00026428,0.00052856,0.00079283,0.0010571,0.0013214,0.0015857,0.0018499,0.0021142,0.0023785,0.0026428,0.0029071,0.0031713,0.0034356,0.0036999,0.0039642,0.0042284,0.0044927,0.004757,0.0050213,0.0052856,0.0055498,0.0058141,0.0060784,0.0063427,0.0066069,0.0068712,0.0071355,0.0073998,0.0076641,0.0079283,0.0081926,0.0084569,0.0087212,0.0089854,0.0092497,0.009514,0.0097783,0.010043,0.010307,0.010571,0.010835,0.0111,0.011364,0.011628,0.011892,0.012157,0.012421,0.012685,0.01295,0.013214,0.013478,0.013742,0.014007,0.014271,0.014535,0.0148,0.015064,0.015328,0.015592,0.015857,0.016121,0.016385,0.016649,0.016914,0.017178,0.017442,0.017707,0.017971,0.018235,0.018499,0.018764,0.019028,0.019292,0.019557,0.019821,0.020085,0.020349,0.020614,0.020878,0.021142,0.021406,0.021671,0.021935,0.022199,0.022464,0.022728,0.022992,0.023256,0.023521,0.023785,0.024049,0.024314,0.024578,0.024842,0.025106,0.025371,0.025635,0.025899,0.026163,0.026428
8.4,0.00026427,0.00052854,0.00079281,0.0010571,0.0013213,0.0015856,0.0018499,0.0021142,0.0023784,0.0026427,0.002907,0.0031712,0.0034355,0.0036998,0.003964,0.0042283,0.0044926,0.0047569,0.0050211,0.0052854,0.0055497,0.0058139,0.0060782,0.0063425,0.0066067,0.006871,0.0071353,0.0073996,0.0076638,0.0079281,0.0081924,0.0084566,0.0087209,0.0089852,0.0092494,0.0095137,0.009778,0.010042,0.010307,0.010571,0.010835,0.011099,0.011364,0.011628,0.011892,0.012156,0.012421,0.012685,0.012949,0.013213,0.013478,0.013742,0.014006,0.014271,0.014535,0.014799,0.015063,0.015328,0.015592,0.015856,0.01612,0.016385,0.016649,0.016913,0.017178,0.017442,0.017706,0.01797,0.018235,0.018499,0.018763,0.019027,0.019292,0.019556,0.01982,0.020085,0.020349,0.020613,0.020877,0.021142,0.021406,0.02167,0.021934,0.022199,0.022463,0.022727,0.022991,0.023256,0.02352,0.023784,0.024049,0.024313,0.024577,0.024841,0.025106,0.02537,0.025634,0.025898,0.026163,0.026427
8.5,0.00026426,0.00052853,0.00079279,0.0010571,0.0013213,0.0015856,0.0018498,0.0021141,0.0023784,0.0026426,0.0029069,0.0031712,0.0034354,0.0036997,0.0039639,0.0042282,0.0044925,0.0047567,0.005021,0.0052853,0.0055495,0.0058138,0.006078,0.0063423,0.0066066,0.0068708,0.0071351,0.0073994,0.0076636,0.0079279,0.0081921,0.0084564,0.0087207,0.0089849,0.0092492,0.0095135,0.0097777,0.010042,0.010306,0.010571,0.010835,0.011099,0.011363,0.011628,0.011892,0.012156,0.01242,0.012685,0.012949,0.013213,0.013477,0.013742,0.014006,0.01427,0.014534,0.014799,0.015063,0.015327,0.015591,0.015856,0.01612,0.016384,0.016649,0.016913,0.017177,0.017441,0.017706,0.01797,0.018234,0.018498,0.018763,0.019027,0.019291,0.019555,0.01982,0.020084,0.020348,0.020612,0.020877,0.021141,0.021405,0.02167,0.021934,0.022198,0.022462,0.022727,0.022991,0.023255,0.023519,0.023784,0.024048,0.024312,0.024576,0.024841,0.025105,0.025369,0.025633,0.025898,0.026162,0.026426
8.6,0.00026426,0.00052851,0.00079277,0.001057,0.0013213,0.0015855,0.0018498,0.002114,0.0023783,0.0026426,0.0029068,0.0031711,0.0034353,0.0036996,0.0039638,0.0042281,0.0044923,0.0047566,0.0050209,0.0052851,0.0055494,0.0058136,0.0060779,0.0063421,0.0066064,0.0068706,0.0071349,0.0073991,0.0076634,0.0079277,0.0081919,0.0084562,0.0087204,0.0089847,0.0092489,0.0095132,0.0097774,0.010042,0.010306,0.01057,0.010834,0.011099,0.011363,0.011627,0.011891,0.012156,0.01242,0.012684,0.012949,0.013213,0.013477,0.013741,0.014006,0.01427,0.014534,0.014798,0.015063,0.015327,0.015591,0.015855,0.01612,0.016384,0.016648,0.016912,0.017177,0.017441,0.017705,0.017969,0.018234,0.018498,0.018762,0.019026,0.019291,0.019555,0.019819,0.020083,0.020348,0.020612,0.020876,0.02114,0.021405,0.021669,0.021933,0.022197,0.022462,0.022726,0.02299,0.023254,0.023519,0.023783,0.024047,0.024311,0.024576,0.02484,0.025104,0.025369,0.025633,0.025897,0.026161,0.026426
8.7,0.00026425,0.0005285,0.00079274,0.001057,0.0013212,0.0015855,0.0018497,0.002114,0.0023782,0.0026425,0.0029067,0.003171,0.0034352,0.0036995,0.0039637,0.004228,0.0044922,0.0047565,0.0050207,0.005285,0.0055492,0.0058135,0.0060777,0.006342,0.0066062,0.0068705,0.0071347,0.007399,0.0076632,0.0079274,0.0081917,0.0084559,0.0087202,0.0089844,0.0092487,0.0095129,0.0097772,0.010041,0.010306,0.01057,0.010834,0.011098,0.011363,0.011627,0.011891,0.012155,0.01242,0.012684,0.012948,0.013212,0.013477,0.013741,0.014005,0.014269,0.014534,0.014798,0.015062,0.015326,0.015591,0.015855,0.016119,0.016383,0.016648,0.016912,0.017176,0.01744,0.017705,0.017969,0.018233,0.018497,0.018762,0.019026,0.01929,0.019554,0.019819,0.020083,0.020347,0.020611,0.020876,0.02114,0.021404,0.021668,0.021933,0.022197,0.022461,0.022725,0.02299,0.023254,0.023518,0.023782,0.024047,0.024311,0.024575,0.024839,0.025104,0.025368,0.025632,0.025896,0.026161,0.026425
8.8,0.00026424,0.00052848,0.00079272,0.001057,0.0013212,0.0015854,0.0018497,0.0021139,0.0023782,0.0026424,0.0029067,0.0031709,0.0034351,0.0036994,0.0039636,0.0042279,0.0044921,0.0047563,0.0050206,0.0052848,0.0055491,0.0058133,0.0060776,0.0063418,0.006606,0.0068703,0.0071345,0.0073988,0.007663,0.0079272,0.0081915,0.0084557,0.00872,0.0089842,0.0092484,0.0095127,0.0097769,0.010041,0.010305,0.01057,0.010834,0.011098,0.011362,0.011627,0.011891,0.012155,0.012419,0.012684,0.012948,0.013212,0.013476,0.013741,0.014005,0.014269,0.014533,0.014798,0.015062,0.015326,0.01559,0.015854,0.016119,0.016383,0.016647,0.016911,0.017176,0.01744,0.017704,0.017968,0.018233,0.018497,0.018761,0.019025,0.01929,0.019554,0.019818,0.020082,0.020347,0.020611,0.020875,0.021139,0.021404,0.021668,0.021932,0.022196,0.022461,0.022725,0.022989,0.023253,0.023517,0.023782,0.024046,0.02431,0.024574,0.024839,0.025103,0.025367,0.025631,0.025896,0.02616,0.026424
8.9,0.00026423,0.00052847,0.0007927,0.0010569,0.0013212,0.0015854,0.0018496,0.0021139,0.0023781,0.0026423,0.0029066,0.0031708,0.003435,0.0036993,0.0039635,0.0042278,0.004492,0.0047562,0.0050205,0.0052847,0.0055489,0.0058132,0.0060774,0.0063416,0.0066059,0.0068701,0.0071343,0.0073986,0.0076628,0.007927,0.0081913,0.0084555,0.0087197,0.008984,0.0092482,0.0095124,0.0097767,0.010041,0.010305,0.010569,0.010834,0.011098,0.011362,0.011626,0.011891,0.012155,0.012419,0.012683,0.012947,0.013212,0.013476,0.01374,0.014004,0.014269,0.014533,0.014797,0.015061,0.015326,0.01559,0.015854,0.016118,0.016383,0.016647,0.016911,0.017175,0.017439,0.017704,0.017968,0.018232,0.018496,0.018761,0.019025,0.019289,0.019553,0.019818,0.020082,0.020346,0.02061,0.020875,0.021139,0.021403,0.021667,0.021931,0.022196,0.02246,0.022724,0.022988,0.023253,0.023517,0.023781,0.024045,0.02431,0.024574,0.024838,0.025102,0.025367,0.025631,0.025895,0.026159,0.026423
9,0.00026423,0.00052846,0.00079268,0.0010569,0.0013211,0.0015854,0.0018496,0.0021138,0.0023781,0.0026423,0.0029065,0.0031707,0.003435,0.0036992,0.0039634,0.0042276,0.0044919,0.0047561,0.0050203,0.0052846,0.0055488,0.005813,0.0060772,0.0063415,0.0066057,0.0068699,0.0071342,0.0073984,0.0076626,0.0079268,0.0081911,0.0084553,0.0087195,0.0089838,0.009248,0.0095122,0.0097764,0.010041,0.010305,0.010569,0.010833,0.011098,0.011362,0.011626,0.01189,0.012154,0.012419,0.012683,0.012947,0.013211,0.013476,0.01374,0.014004,0.014268,0.014533,0.014797,0.015061,0.015325,0.015589,0.015854,0.016118,0.016382,0.016646,0.016911,0.017175,0.017439,0.017703,0.017968,0.018232,0.018496,0.01876,0.019024,0.019289,0.019553,0.019817,0.020081,0.020346,0.02061,0.020874,0.021138,0.021402,0.021667,0.021931,0.022195,0.022459,0.022724,0.022988,0.023252,0.023516,0.023781,0.024045,0.024309,0.024573,0.024837,0.025102,0.025366,0.02563,0.025894,0.026159,0.026423
9.1,0.00026422,0.00052844,0.00079266,0.0010569,0.0013211,0.0015853,0.0018496,0.0021138,0.002378,0.0026422,0.0029064,0.0031707,0.0034349,0.0036991,0.0039633,0.0042275,0.0044918,0.004756,0.0050202,0.0052844,0.0055487,0.0058129,0.0060771,0.0063413,0.0066055,0.0068698,0.007134,0.0073982,0.0076624,0.0079266,0.0081909,0.0084551,0.0087193,0.0089835,0.0092478,0.009512,0.0097762,0.01004,0.010305,0.010569,0.010833,0.011097,0.011362,0.011626,0.01189,0.012154,0.012418,0.012683,0.012947,0.013211,0.013475,0.01374,0.014004,0.014268,0.014532,0.014796,0.015061,0.015325,0.015589,0.015853,0.016118,0.016382,0.016646,0.01691,0.017174,0.017439,0.017703,0.017967,0.018231,0.018496,0.01876,0.019024,0.019288,0.019552,0.019817,0.020081,0.020345,0.020609,0.020873,0.021138,0.021402,0.021666,0.02193,0.022195,0.022459,0.022723,0.022987,0.023251,0.023516,0.02378,0.024044,0.024308,0.024573,0.024837,0.025101,0.025365,0.025629,0.025894,0.026158,0.026422
9.2,0.00026422,0.00052843,0.00079265,0.0010569,0.0013211,0.0015853,0.0018495,0.0021137,0.0023779,0.0026422,0.0029064,0.0031706,0.0034348,0.003699,0.0039632,0.0042274,0.0044917,0.0047559,0.0050201,0.0052843,0.0055485,0.0058127,0.0060769,0.0063412,0.0066054,0.0068696,0.0071338,0.007398,0.0076622,0.0079265,0.0081907,0.0084549,0.0087191,0.0089833,0.0092475,0.0095117,0.009776,0.01004,0.010304,0.010569,0.010833,0.011097,0.011361,0.011625,0.01189,0.012154,0.012418,0.012682,0.012947,0.013211,0.013475,0.013739,0.014003,0.014268,0.014532,0.014796,0.01506,0.015324,0.015589,0.015853,0.016117,0.016381,0.016646,0.01691,0.017174,0.017438,0.017702,0.017967,0.018231,0.018495,0.018759,0.019023,0.019288,0.019552,0.019816,0.02008,0.020345,0.020609,0.020873,0.021137,0.021401,0.021666,0.02193,0.022194,0.022458,0.022723,0.022987,0.023251,0.023515,0.023779,0.024044,0.024308,0.024572,0.024836,0.0251,0.025365,0.025629,0.025893,0.026157,0.026422
9.3,0.00026421,0.00052842,0.00079263,0.0010568,0.001321,0.0015853,0.0018495,0.0021137,0.0023779,0.0026421,0.0029063,0.0031705,0.0034347,0.0036989,0.0039631,0.0042273,0.0044916,0.0047558,0.00502,0.0052842,0.0055484,0.0058126,0.0060768,0.006341,0.0066052,0.0068694,0.0071336,0.0073979,0.0076621,0.0079263,0.0081905,0.0084547,0.0087189,0.0089831,0.0092473,0.0095115,0.0097757,0.01004,0.010304,0.010568,0.010833,0.011097,0.011361,0.011625,0.011889,0.012154,0.012418,0.012682,0.012946,0.01321,0.013475,0.013739,0.014003,0.014267,0.014531,0.014796,0.01506,0.015324,0.015588,0.015853,0.016117,0.016381,0.016645,0.016909,0.017174,0.017438,0.017702,0.017966,0.01823,0.018495,0.018759,0.019023,0.019287,0.019551,0.019816,0.02008,0.020344,0.020608,0.020873,0.021137,0.021401,0.021665,0.021929,0.022194,0.022458,0.022722,0.022986,0.02325,0.023515,0.023779,0.024043,0.024307,0.024571,0.024836,0.0251,0.025364,0.025628,0.025892,0.026157,0.026421
9.4,0.0002642,0.00052841,0.00079261,0.0010568,0.001321,0.0015852,0.0018494,0.0021136,0.0023778,0.002642,0.0029062,0.0031704,0.0034346,0.0036988,0.003963,0.0042272,0.0044914,0.0047557,0.0050199,0.0052841,0.0055483,0.0058125,0.0060767,0.0063409,0.0066051,0.0068693,0.0071335,0.0073977,0.0076619,0.0079261,0.0081903,0.0084545,0.0087187,0.0089829,0.0092471,0.0095113,0.0097755,0.01004,0.010304,0.010568,0.010832,0.011097,0.011361,0.011625,0.011889,0.012153,0.012418,0.012682,0.012946,0.01321,0.013474,0.013739,0.014003,0.014267,0.014531,0.014795,0.01506,0.015324,0.015588,0.015852,0.016116,0.016381,0.016645,0.016909,0.017173,0.017437,0.017702,0.017966,0.01823,0.018494,0.018758,0.019023,0.019287,0.019551,0.019815,0.020079,0.020344,0.020608,0.020872,0.021136,0.0214,0.021665,0.021929,0.022193,0.022457,0.022721,0.022986,0.02325,0.023514,0.023778,0.024042,0.024307,0.024571,0.024835,0.025099,0.025363,0.025628,0.025892,0.026156,0.02642
9.5,0.0002642,0.00052839,0.00079259,0.0010568,0.001321,0.0015852,0.0018494,0.0021136,0.0023778,0.002642,0.0029062,0.0031704,0.0034346,0.0036988,0.003963,0.0042272,0.0044913,0.0047555,0.0050197,0.0052839,0.0055481,0.0058123,0.0060765,0.0063407,0.0066049,0.0068691,0.0071333,0.0073975,0.0076617,0.0079259,0.0081901,0.0084543,0.0087185,0.0089827,0.0092469,0.0095111,0.0097753,0.010039,0.010304,0.010568,0.010832,0.011096,0.01136,0.011625,0.011889,0.012153,0.012417,0.012681,0.012946,0.01321,0.013474,0.013738,0.014002,0.014267,0.014531,0.014795,0.015059,0.015323,0.015588,0.015852,0.016116,0.01638,0.016644,0.016909,0.017173,0.017437,0.017701,0.017965,0.01823,0.018494,0.018758,0.019022,0.019286,0.019551,0.019815,0.020079,0.020343,0.020607,0.020872,0.021136,0.0214,0.021664,0.021928,0.022193,0.022457,0.022721,0.022985,0.023249,0.023514,0.023778,0.024042,0.024306,0.02457,0.024835,0.025099,0.025363,0.025627,0.025891,0.026156,0.02642
9.6,0.00026419,0.00052838,0.00079257,0.0010568,0.001321,0.0015851,0.0018493,0.0021135,0.0023777,0.0026419,0.0029061,0.0031703,0.0034345,0.0036987,0.0039629,0.0042271,0.0044913,0.0047554,0.0050196,0.0052838,0.005548,0.0058122,0.0060764,0.0063406,0.0066048,0.006869,0.0071332,0.0073974,0.0076615,0.0079257,0.0081899,0.0084541,0.0087183,0.0089825,0.0092467,0.0095109,0.0097751,0.010039,0.010303,0.010568,0.010832,0.011096,0.01136,0.011624,0.011889,0.012153,0.012417,0.012681,0.012945,0.01321,0.013474,0.013738,0.014002,0.014266,0.014531,0.014795,0.015059,0.015323,0.015587,0.015851,0.016116,0.01638,0.016644,0.016908,0.017172,0.017437,0.017701,0.017965,0.018229,0.018493,0.018758,0.019022,0.019286,0.01955,0.019814,0.020079,0.020343,0.020607,0.020871,0.021135,0.021399,0.021664,0.021928,0.022192,0.022456,0.02272,0.022985,0.023249,0.023513,0.023777,0.024041,0.024306,0.02457,0.024834,0.025098,0.025362,0.025627,0.025891,0.026155,0.026419
9.7,0.00026419,0.00052837,0.00079256,0.0010567,0.0013209,0.0015851,0.0018493,0.0021135,0.0023777,0.0026419,0.002906,0.0031702,0.0034344,0.0036986,0.0039628,0.004227,0.0044912,0.0047553,0.0050195,0.0052837,0.0055479,0.0058121,0.0060763,0.0063405,0.0066046,0.0068688,0.007133,0.0073972,0.0076614,0.0079256,0.0081898,0.0084539,0.0087181,0.0089823,0.0092465,0.0095107,0.0097749,0.010039,0.010303,0.010567,0.010832,0.011096,0.01136,0.011624,0.011888,0.012153,0.012417,0.012681,0.012945,0.013209,0.013473,0.013738,0.014002,0.014266,0.01453,0.014794,0.015059,0.015323,0.015587,0.015851,0.016115,0.01638,0.016644,0.016908,0.017172,0.017436,0.0177,0.017965,0.018229,0.018493,0.018757,0.019021,0.019286,0.01955,0.019814,0.020078,0.020342,0.020606,0.020871,0.021135,0.021399,0.021663,0.021927,0.022192,0.022456,0.02272,0.022984,0.023248,0.023513,0.023777,0.024041,0.024305,0.024569,0.024833,0.025098,0.025362,0.025626,0.02589,0.026154,0.026419
9.8,0.00026418,0.00052836,0.00079254,0.0010567,0.0013209,0.0015851,0.0018493,0.0021134,0.0023776,0.0026418,0.002906,0.0031702,0.0034343,0.0036985,0.0039627,0.0042269,0.0044911,0.0047552,0.0050194,0.0052836,0.0055478,0.005812,0.0060761,0.0063403,0.0066045,0.0068687,0.0071329,0.007397,0.0076612,0.0079254,0.0081896,0.0084538,0.0087179,0.0089821,0.0092463,0.0095105,0.0097747,0.010039,0.010303,0.010567,0.010831,0.011096,0.01136,0.011624,0.011888,0.012152,0.012416,0.012681,0.012945,0.013209,0.013473,0.013737,0.014002,0.014266,0.01453,0.014794,0.015058,0.015322,0.015587,0.015851,0.016115,0.016379,0.016643,0.016908,0.017172,0.017436,0.0177,0.017964,0.018228,0.018493,0.018757,0.019021,0.019285,0.019549,0.019813,0.020078,0.020342,0.020606,0.02087,0.021134,0.021399,0.021663,0.021927,0.022191,0.022455,0.022719,0.022984,0.023248,0.023512,0.023776,0.02404,0.024305,0.024569,0.024833,0.025097,0.025361,0.025625,0.02589,0.026154,0.026418
9.9,0.00026417,0.00052835,0.00079252,0.0010567,0.0013209,0.001585,0.0018492,0.0021134,0.0023776,0.0026417,0.0029059,0.0031701,0.0034343,0.0036984,0.0039626,0.0042268,0.004491,0.0047551,0.0050193,0.0052835,0.0055477,0.0058118,0.006076,0.0063402,0.0066044,0.0068685,0.0071327,0.0073969,0.0076611,0.0079252,0.0081894,0.0084536,0.0087178,0.0089819,0.0092461,0.0095103,0.0097745,0.010039,0.010303,0.010567,0.010831,0.011095,0.01136,0.011624,0.011888,0.012152,0.012416,0.01268,0.012945,0.013209,0.013473,0.013737,0.014001,0.014265,0.01453,0.014794,0.015058,0.015322,0.015586,0.01585,0.016115,0.016379,0.016643,0.016907,0.017171,0.017436,0.0177,0.017964,0.018228,0.018492,0.018756,0.019021,0.019285,0.019549,0.019813,0.020077,0.020341,0.020606,0.02087,0.021134,0.021398,0.021662,0.021926,0.022191,0.022455,0.022719,0.022983,0.023247,0.023512,0.023776,0.02404,0.024304,0.024568,0.024832,0.025097,0.025361,0.025625,0.025889,0.026153,0.026417
10,0.00026417,0.00052834,0.00079251,0.0010567,0.0013208,0.001585,0.0018492,0.0021134,0.0023775,0.0026417,0.0029059,0.00317,0.0034342,0.0036984,0.0039625,0.0042267,0.0044909,0.004755,0.0050192,0.0052834,0.0055476,0.0058117,0.0060759,0.0063401,0.0066042,0.0068684,0.0071326,0.0073967,0.0076609,0.0079251,0.0081892,0.0084534,0.0087176,0.0089818,0.0092459,0.0095101,0.0097743,0.010038,0.010303,0.010567,0.010831,0.011095,0.011359,0.011623,0.011888,0.012152,0.012416,0.01268,0.012944,0.013208,0.013473,0.013737,0.014001,0.014265,0.014529,0.014793,0.015058,0.015322,0.015586,0.01585,0.016114,0.016378,0.016643,0.016907,0.017171,0.017435,0.017699,0.017964,0.018228,0.018492,0.018756,0.01902,0.019284,0.019549,0.019813,0.020077,0.020341,0.020605,0.020869,0.021134,0.021398,0.021662,0.021926,0.02219,0.022454,0.022719,0.022983,0.023247,0.023511,0.023775,0.024039,0.024304,0.024568,0.024832,0.025096,0.02536,0.025624,0.025889,0.026153,0.026417